ID,Unnamed: 0,diameter,sample,label,injectWell,prot_total,Run,Well,plate,Order
B101.0,1,21.97,Monocyte,0.0,B10,26.7615298068968,DDM_Slot1-34_1_1367,B10,1.0,2.0
B101.4,2,30.62,PDAC,4.0,B10,28.7357080892544,DDM_Slot1-34_1_1367,B10,1.0,2.0
B111.0,4,32.18,PDAC,0.0,B11,28.7266487578519,DDM_Slot1-35_1_1368,B11,1.0,3.0
B111.4,5,27.19,Melanoma,4.0,B11,28.2213983008194,DDM_Slot1-35_1_1368,B11,1.0,3.0
B111.8,6,22.98,Monocyte,8.0,B11,27.6701649673756,DDM_Slot1-35_1_1368,B11,1.0,3.0
B121.0,7,22.08,Melanoma,0.0,B12,27.4260407557319,DDM_Slot1-36_1_1369,B12,1.0,4.0
B121.4,8,20.23,Monocyte,4.0,B12,26.5281756394158,DDM_Slot1-36_1_1369,B12,1.0,4.0
B121.8,9,28.77,PDAC,8.0,B12,28.6010994768896,DDM_Slot1-36_1_1369,B12,1.0,4.0
B131.0,10,21.84,Monocyte,0.0,B13,27.0359450620651,DDM_Slot1-37_1_1370,B13,1.0,5.0
B131.4,11,22.46,PDAC,4.0,B13,27.7053576094494,DDM_Slot1-37_1_1370,B13,1.0,5.0
B131.8,12,23.23,Melanoma,8.0,B13,26.681495106529,DDM_Slot1-37_1_1370,B13,1.0,5.0
B141.0,13,24.2,PDAC,0.0,B14,27.8914870573118,DDM_Slot1-38_1_1371,B14,1.0,6.0
B141.4,14,26.95,Melanoma,4.0,B14,28.1449899203183,DDM_Slot1-38_1_1371,B14,1.0,6.0
B141.8,15,20.6,Monocyte,8.0,B14,27.0526163024026,DDM_Slot1-38_1_1371,B14,1.0,6.0
B151.0,16,20.38,Melanoma,0.0,B15,26.4694406114174,DDM_Slot1-39_1_1372,B15,1.0,7.0
B151.4,17,27.38,Monocyte,4.0,B15,27.6020996072355,DDM_Slot1-39_1_1372,B15,1.0,7.0
B151.8,18,23.59,PDAC,8.0,B15,27.8771661350672,DDM_Slot1-39_1_1372,B15,1.0,7.0
B161.0,19,20.6,Monocyte,0.0,B16,26.8897923672865,DDM_Slot1-40_1_1373,B16,1.0,8.0
B161.4,20,24.35,PDAC,4.0,B16,27.2990214671376,DDM_Slot1-40_1_1373,B16,1.0,8.0
B161.8,21,31.62,Melanoma,8.0,B16,27.717213786448,DDM_Slot1-40_1_1373,B16,1.0,8.0
B231.0,22,24.53,Melanoma,0.0,B23,27.3998782494096,DDM_Slot1-47_1_1388,B23,1.0,9.0
B231.4,23,30.19,Monocyte,4.0,B23,28.3671349088232,DDM_Slot1-47_1_1388,B23,1.0,9.0
B231.8,24,30.37,PDAC,8.0,B23,28.1797734705825,DDM_Slot1-47_1_1388,B23,1.0,9.0
B241.0,25,19.31,Monocyte,0.0,B24,26.3786181812875,DDM_Slot1-48_1_1389,B24,1.0,10.0
B241.4,26,29.67,PDAC,4.0,B24,28.4084716038715,DDM_Slot1-48_1_1389,B24,1.0,10.0
B241.8,27,25.34,Melanoma,8.0,B24,28.1328436369204,DDM_Slot1-48_1_1389,B24,1.0,10.0
B91.0,28,21.73,Melanoma,0.0,B9,27.2980771942426,DDM_Slot1-33_1_1366,B9,1.0,1.0
B91.4,29,17.22,Monocyte,4.0,B9,26.2627216120711,DDM_Slot1-33_1_1366,B9,1.0,1.0
B91.8,30,28.79,PDAC,8.0,B9,28.0690488827882,DDM_Slot1-33_1_1366,B9,1.0,1.0
D101.0,31,19.12,Monocyte,0.0,D10,26.5208094934123,DDM_Slot1-82_1_1391,D10,1.0,12.0
D101.4,32,24.9,PDAC,4.0,D10,28.0397927148545,DDM_Slot1-82_1_1391,D10,1.0,12.0
D101.8,33,24.11,Melanoma,8.0,D10,27.8401916419126,DDM_Slot1-82_1_1391,D10,1.0,12.0
D111.0,34,27.44,PDAC,0.0,D11,28.3499216254771,DDM_Slot1-83_1_1392,D11,1.0,13.0
D111.4,35,25.76,Melanoma,4.0,D11,28.0954457078489,DDM_Slot1-83_1_1392,D11,1.0,13.0
D111.8,36,18.08,Monocyte,8.0,D11,26.4583740086573,DDM_Slot1-83_1_1392,D11,1.0,13.0
D121.0,37,20.21,Melanoma,0.0,D12,26.7112657524668,DDM_Slot1-84_1_1393,D12,1.0,14.0
D121.8,39,27.13,PDAC,8.0,D12,28.4148752340497,DDM_Slot1-84_1_1393,D12,1.0,14.0
D131.0,40,20.63,Monocyte,0.0,D13,26.8471753079165,DDM_Slot1-85_1_1394,D13,1.0,15.0
D131.4,41,28.12,PDAC,4.0,D13,28.6032134783776,DDM_Slot1-85_1_1394,D13,1.0,15.0
D131.8,42,26.93,Melanoma,8.0,D13,28.206626533518,DDM_Slot1-85_1_1394,D13,1.0,15.0
D141.0,43,26.88,PDAC,0.0,D14,27.0781329824045,DDM_Slot1-86_1_1395,D14,1.0,16.0
D141.4,44,32.25,Melanoma,4.0,D14,27.6540498385765,DDM_Slot1-86_1_1395,D14,1.0,16.0
D141.8,45,19.65,Monocyte,8.0,D14,26.4191494426624,DDM_Slot1-86_1_1395,D14,1.0,16.0
D151.0,46,27.74,Melanoma,0.0,D15,27.9260867902948,DDM_Slot1-87_1_1396,D15,1.0,17.0
D151.4,47,23.29,Monocyte,4.0,D15,26.5303421288239,DDM_Slot1-87_1_1396,D15,1.0,17.0
D151.8,48,28.43,PDAC,8.0,D15,27.9954568800159,DDM_Slot1-87_1_1396,D15,1.0,17.0
D161.0,49,18.96,Monocyte,0.0,D16,26.5397933579638,DDM_Slot1-88_1_1397,D16,1.0,18.0
D161.4,50,23.93,PDAC,4.0,D16,27.8550487423392,DDM_Slot1-88_1_1397,D16,1.0,18.0
D161.8,51,26.63,Melanoma,8.0,D16,27.8065831800343,DDM_Slot1-88_1_1397,D16,1.0,18.0
D171.4,53,20.27,Monocyte,4.0,D17,26.9920480497521,DDM_Slot1-89_1_1398,D17,1.0,19.0
D171.8,54,26.35,PDAC,8.0,D17,28.4835475320123,DDM_Slot1-89_1_1398,D17,1.0,19.0
D181.0,55,19.32,Monocyte,0.0,D18,26.4168153164436,DDM_Slot1-90_1_1399,D18,1.0,20.0
D181.4,56,26.46,PDAC,4.0,D18,28.1058305770469,DDM_Slot1-90_1_1399,D18,1.0,20.0
D181.8,57,27.76,Melanoma,8.0,D18,28.1898617198413,DDM_Slot1-90_1_1399,D18,1.0,20.0
D191.0,58,29.15,PDAC,0.0,D19,28.6809160152603,DDM_Slot1-91_1_1400,D19,1.0,21.0
D191.4,59,31.78,Melanoma,4.0,D19,28.4327682551313,DDM_Slot1-91_1_1400,D19,1.0,21.0
D191.8,60,18.9,Monocyte,8.0,D19,26.6075889885702,DDM_Slot1-91_1_1400,D19,1.0,21.0
D201.0,61,27.94,Melanoma,0.0,D20,28.2110005987512,DDM_Slot1-92_1_1401,D20,1.0,22.0
D201.4,62,18.91,Monocyte,4.0,D20,26.4078939031268,DDM_Slot1-92_1_1401,D20,1.0,22.0
D201.8,63,23.37,PDAC,8.0,D20,27.6966363726734,DDM_Slot1-92_1_1401,D20,1.0,22.0
D211.0,64,20.12,Monocyte,0.0,D21,26.6471301732343,DDM_Slot1-93_1_1402,D21,1.0,23.0
D211.4,65,24.88,PDAC,4.0,D21,27.4584909193707,DDM_Slot1-93_1_1402,D21,1.0,23.0
D211.8,66,26.17,Melanoma,8.0,D21,27.9061287705432,DDM_Slot1-93_1_1402,D21,1.0,23.0
D221.0,67,21.67,PDAC,0.0,D22,27.1944309002815,DDM_Slot1-94_1_1403,D22,1.0,24.0
D221.4,68,25.24,Melanoma,4.0,D22,27.9417091081787,DDM_Slot1-94_1_1403,D22,1.0,24.0
D221.8,69,20.45,Monocyte,8.0,D22,26.0394976997914,DDM_Slot1-94_1_1403,D22,1.0,24.0
D231.0,70,23.98,Melanoma,0.0,D23,27.527139723705,DDM_Slot1-95_1_1404,D23,1.0,25.0
D231.4,71,29.76,Monocyte,4.0,D23,28.2422689931753,DDM_Slot1-95_1_1404,D23,1.0,25.0
D231.8,72,29.49,PDAC,8.0,D23,28.2811112711827,DDM_Slot1-95_1_1404,D23,1.0,25.0
D241.0,73,20.73,Monocyte,0.0,D24,26.79268019685,DDM_Slot1-96_1_1405,D24,1.0,26.0
D241.4,74,34.77,PDAC,4.0,D24,29.0061922590812,DDM_Slot1-96_1_1405,D24,1.0,26.0
D241.8,75,24.9,Melanoma,8.0,D24,26.9739534092735,DDM_Slot1-96_1_1405,D24,1.0,26.0
D91.0,76,29.26,Melanoma,0.0,D9,27.4985184780637,DDM_Slot1-81_1_1390,D9,1.0,11.0
D91.4,77,19.68,Monocyte,4.0,D9,26.8425395747474,DDM_Slot1-81_1_1390,D9,1.0,11.0
D91.8,78,30.6,PDAC,8.0,D9,28.8759939792048,DDM_Slot1-81_1_1390,D9,1.0,11.0
E101.0,79,19.94,Monocyte,0.0,E10,26.5840624719658,DDM_Slot1-106_1_1415,E10,1.0,36.0
E101.4,80,30.62,PDAC,4.0,E10,28.357471628699,DDM_Slot1-106_1_1415,E10,1.0,36.0
E101.8,81,23.36,Melanoma,8.0,E10,27.4291110492624,DDM_Slot1-106_1_1415,E10,1.0,36.0
E11.4,83,19.17,Monocyte,4.0,E1,26.0003025888136,DDM_Slot1-97_1_1406,E1,1.0,27.0
E11.8,84,26.36,PDAC,8.0,E1,27.8490210173938,DDM_Slot1-97_1_1406,E1,1.0,27.0
E111.0,85,29.44,PDAC,0.0,E11,28.457166636348,DDM_Slot1-107_1_1416,E11,1.0,37.0
E111.4,86,21.88,Melanoma,4.0,E11,26.775823470438,DDM_Slot1-107_1_1416,E11,1.0,37.0
E111.8,87,18.77,Monocyte,8.0,E11,26.4800655072242,DDM_Slot1-107_1_1416,E11,1.0,37.0
E121.0,88,27.13,Melanoma,0.0,E12,27.8103319497645,DDM_Slot1-108_1_1417,E12,1.0,38.0
E121.4,89,17.96,Monocyte,4.0,E12,26.4207746266328,DDM_Slot1-108_1_1417,E12,1.0,38.0
E121.8,90,28.77,PDAC,8.0,E12,28.6818879955657,DDM_Slot1-108_1_1417,E12,1.0,38.0
E131.0,91,21.7,Monocyte,0.0,E13,26.8125249747414,DDM_Slot1-109_1_1418,E13,1.0,39.0
E131.4,92,23.32,PDAC,4.0,E13,27.542937836043,DDM_Slot1-109_1_1418,E13,1.0,39.0
E131.8,93,23.14,Melanoma,8.0,E13,27.1690610625892,DDM_Slot1-109_1_1418,E13,1.0,39.0
E141.0,94,29.19,PDAC,0.0,E14,27.9360584420966,DDM_Slot1-110_1_1419,E14,1.0,40.0
E141.4,95,24.47,Melanoma,4.0,E14,27.8695529397614,DDM_Slot1-110_1_1419,E14,1.0,40.0
E141.8,96,22.58,Monocyte,8.0,E14,27.3414793503555,DDM_Slot1-110_1_1419,E14,1.0,40.0
E151.0,97,26.38,Melanoma,0.0,E15,27.6907808076273,DDM_Slot1-111_1_1420,E15,1.0,41.0
E151.4,98,17.96,Monocyte,4.0,E15,26.1814564153203,DDM_Slot1-111_1_1420,E15,1.0,41.0
E151.8,99,23.31,PDAC,8.0,E15,27.7027098727506,DDM_Slot1-111_1_1420,E15,1.0,41.0
E161.0,100,18.21,Monocyte,0.0,E16,26.280416546431,DDM_Slot1-112_1_1421,E16,1.0,42.0
E161.4,101,24.22,PDAC,4.0,E16,27.7367760843658,DDM_Slot1-112_1_1421,E16,1.0,42.0
E161.8,102,27.82,Melanoma,8.0,E16,27.9273839187476,DDM_Slot1-112_1_1421,E16,1.0,42.0
E21.0,103,21.17,Monocyte,0.0,E2,26.5171410167944,DDM_Slot1-98_1_1407,E2,1.0,28.0
E21.4,104,24.79,PDAC,4.0,E2,28.0100140473083,DDM_Slot1-98_1_1407,E2,1.0,28.0
E21.8,105,32.59,Melanoma,8.0,E2,28.5575367085906,DDM_Slot1-98_1_1407,E2,1.0,28.0
E31.0,106,29.32,PDAC,0.0,E3,28.450614592816,DDM_Slot1-99_1_1408,E3,1.0,29.0
E31.4,107,23.19,Melanoma,4.0,E3,27.2087268755115,DDM_Slot1-99_1_1408,E3,1.0,29.0
E31.8,108,18.75,Monocyte,8.0,E3,26.4710960020534,DDM_Slot1-99_1_1408,E3,1.0,29.0
E41.0,109,24.95,Melanoma,0.0,E4,27.7919273530665,DDM_Slot1-100_1_1409,E4,1.0,30.0
E41.4,110,18.88,Monocyte,4.0,E4,26.45438136719,DDM_Slot1-100_1_1409,E4,1.0,30.0
E41.8,111,28.61,PDAC,8.0,E4,28.3899006609148,DDM_Slot1-100_1_1409,E4,1.0,30.0
E51.0,112,17.57,Monocyte,0.0,E5,26.0707300491849,DDM_Slot1-101_1_1410,E5,1.0,31.0
E51.4,113,27.81,PDAC,4.0,E5,28.0382176717048,DDM_Slot1-101_1_1410,E5,1.0,31.0
E51.8,114,27.38,Melanoma,8.0,E5,27.8876466888495,DDM_Slot1-101_1_1410,E5,1.0,31.0
E61.0,115,23.36,PDAC,0.0,E6,27.3857296873277,DDM_Slot1-102_1_1411,E6,1.0,32.0
E61.4,116,26.91,Melanoma,4.0,E6,27.7733461173402,DDM_Slot1-102_1_1411,E6,1.0,32.0
E61.8,117,17.3,Monocyte,8.0,E6,26.0088084298755,DDM_Slot1-102_1_1411,E6,1.0,32.0
E71.0,118,26.67,Melanoma,0.0,E7,27.8517194494293,DDM_Slot1-103_1_1412,E7,1.0,33.0
E71.4,119,21.36,Monocyte,4.0,E7,27.109740533324,DDM_Slot1-103_1_1412,E7,1.0,33.0
E71.8,120,24.84,PDAC,8.0,E7,27.9749543589295,DDM_Slot1-103_1_1412,E7,1.0,33.0
E81.0,121,21.39,Monocyte,0.0,E8,26.7666657879749,DDM_Slot1-104_1_1413,E8,1.0,34.0
E81.4,122,28.62,PDAC,4.0,E8,28.4655502137882,DDM_Slot1-104_1_1413,E8,1.0,34.0
E81.8,123,24.47,Melanoma,8.0,E8,27.5868060447283,DDM_Slot1-104_1_1413,E8,1.0,34.0
E91.0,124,28.45,Melanoma,0.0,E9,28.1758080121833,DDM_Slot1-105_1_1414,E9,1.0,35.0
E91.4,125,18.65,Monocyte,4.0,E9,26.2793056724404,DDM_Slot1-105_1_1414,E9,1.0,35.0
