id,celltype,batch_digest,batch_sort,batch_chromatography,raw.file
i4,sc_m0,N,s8,LCA9,X190222S_LCA9_X_FP94BO
i5,sc_u,N,s8,LCA9,X190222S_LCA9_X_FP94BO
i7,sc_m0,N,s8,LCA9,X190222S_LCA9_X_FP94BO
i10,sc_m0,N,s8,LCA9,X190222S_LCA9_X_FP94BO
i11,sc_m0,N,s8,LCA9,X190222S_LCA9_X_FP94BO
i20,sc_m0,N,s8,LCA9,X190222S_LCA9_X_FP94BF
i22,sc_m0,N,s8,LCA9,X190222S_LCA9_X_FP94BF
i24,sc_m0,N,s8,LCA9,X190222S_LCA9_X_FP94BF
i25,sc_m0,N,s8,LCA9,X190222S_LCA9_X_FP94BF
i36,sc_m0,N,s8,LCA9,X190222S_LCA9_X_FP94BP
i37,sc_m0,N,s8,LCA9,X190222S_LCA9_X_FP94BP
i39,sc_m0,N,s8,LCA9,X190222S_LCA9_X_FP94BP
i41,sc_u,N,s8,LCA9,X190222S_LCA9_X_FP94BP
i42,sc_m0,N,s8,LCA9,X190222S_LCA9_X_FP94BP
i43,sc_m0,N,s8,LCA9,X190222S_LCA9_X_FP94BP
i52,sc_m0,N,s8,LCA9,X190222S_LCA9_X_FP94BL
i57,sc_m0,N,s8,LCA9,X190222S_LCA9_X_FP94BL
i58,sc_u,N,s8,LCA9,X190222S_LCA9_X_FP94BL
i59,sc_u,N,s8,LCA9,X190222S_LCA9_X_FP94BL
i68,sc_u,N,s8,LCA9,X190222S_LCA9_X_FP94BM
i70,sc_u,N,s8,LCA9,X190222S_LCA9_X_FP94BM
i72,sc_m0,N,s8,LCA9,X190222S_LCA9_X_FP94BM
i73,sc_m0,N,s8,LCA9,X190222S_LCA9_X_FP94BM
i74,sc_m0,N,s8,LCA9,X190222S_LCA9_X_FP94BM
i75,sc_m0,N,s8,LCA9,X190222S_LCA9_X_FP94BM
i85,sc_m0,N,s8,LCA9,X190222S_LCA9_X_FP94BK
i86,sc_m0,N,s8,LCA9,X190222S_LCA9_X_FP94BK
i87,sc_u,N,s8,LCA9,X190222S_LCA9_X_FP94BK
i88,sc_m0,N,s8,LCA9,X190222S_LCA9_X_FP94BK
i89,sc_m0,N,s8,LCA9,X190222S_LCA9_X_FP94BK
i90,sc_m0,N,s8,LCA9,X190222S_LCA9_X_FP94BK
i100,sc_m0,N,s8,LCA9,X190222S_LCA9_X_FP94BG
i101,sc_m0,N,s8,LCA9,X190222S_LCA9_X_FP94BG
i103,sc_m0,N,s8,LCA9,X190222S_LCA9_X_FP94BG
i104,sc_m0,N,s8,LCA9,X190222S_LCA9_X_FP94BG
i105,sc_m0,N,s8,LCA9,X190222S_LCA9_X_FP94BG
i106,sc_m0,N,s8,LCA9,X190222S_LCA9_X_FP94BG
i116,sc_m0,N,s8,LCA9,X190222S_LCA9_X_FP94BH
i120,sc_m0,N,s8,LCA9,X190222S_LCA9_X_FP94BH
i121,sc_m0,N,s8,LCA9,X190222S_LCA9_X_FP94BH
i122,sc_m0,N,s8,LCA9,X190222S_LCA9_X_FP94BH
i123,sc_m0,N,s8,LCA9,X190222S_LCA9_X_FP94BH
i132,sc_m0,N,s8,LCA9,X190222S_LCA9_X_FP94BB
i134,sc_u,N,s8,LCA9,X190222S_LCA9_X_FP94BB
i136,sc_u,N,s8,LCA9,X190222S_LCA9_X_FP94BB
i137,sc_m0,N,s8,LCA9,X190222S_LCA9_X_FP94BB
i138,sc_m0,N,s8,LCA9,X190222S_LCA9_X_FP94BB
i139,sc_m0,N,s8,LCA9,X190222S_LCA9_X_FP94BB
i149,sc_u,R,s9,LCB3,X190914S_LCB3_X_16plex_Set_4
i150,sc_m0,R,s9,LCB3,X190914S_LCB3_X_16plex_Set_4
i151,sc_m0,R,s9,LCB3,X190914S_LCB3_X_16plex_Set_4
i152,sc_m0,R,s9,LCB3,X190914S_LCB3_X_16plex_Set_4
i154,sc_m0,R,s9,LCB3,X190914S_LCB3_X_16plex_Set_4
i155,sc_m0,R,s9,LCB3,X190914S_LCB3_X_16plex_Set_4
i156,sc_u,R,s9,LCB3,X190914S_LCB3_X_16plex_Set_4
i157,sc_m0,R,s9,LCB3,X190914S_LCB3_X_16plex_Set_4
i158,sc_m0,R,s9,LCB3,X190914S_LCB3_X_16plex_Set_4
i159,sc_u,R,s9,LCB3,X190914S_LCB3_X_16plex_Set_4
i160,sc_m0,R,s9,LCB3,X190914S_LCB3_X_16plex_Set_4
i164,sc_m0,N,s8,LCA9,X190222S_LCA9_X_FP94BA
i165,sc_m0,N,s8,LCA9,X190222S_LCA9_X_FP94BA
i168,sc_u,N,s8,LCA9,X190222S_LCA9_X_FP94BA
i169,sc_u,N,s8,LCA9,X190222S_LCA9_X_FP94BA
i170,sc_u,N,s8,LCA9,X190222S_LCA9_X_FP94BA
i171,sc_m0,N,s8,LCA9,X190222S_LCA9_X_FP94BA
i181,sc_m0,U,s9,LCB7,X191110S_LCB7_X_APNOV16plex2_Set_12
i182,sc_m0,U,s9,LCB7,X191110S_LCB7_X_APNOV16plex2_Set_12
i183,sc_m0,U,s9,LCB7,X191110S_LCB7_X_APNOV16plex2_Set_12
i184,sc_u,U,s9,LCB7,X191110S_LCB7_X_APNOV16plex2_Set_12
i185,sc_m0,U,s9,LCB7,X191110S_LCB7_X_APNOV16plex2_Set_12
i186,sc_m0,U,s9,LCB7,X191110S_LCB7_X_APNOV16plex2_Set_12
i187,sc_m0,U,s9,LCB7,X191110S_LCB7_X_APNOV16plex2_Set_12
i188,sc_m0,U,s9,LCB7,X191110S_LCB7_X_APNOV16plex2_Set_12
i190,sc_u,U,s9,LCB7,X191110S_LCB7_X_APNOV16plex2_Set_12
i191,sc_m0,U,s9,LCB7,X191110S_LCB7_X_APNOV16plex2_Set_12
i192,sc_m0,U,s9,LCB7,X191110S_LCB7_X_APNOV16plex2_Set_12
i197,sc_m0,U,s9,LCB7,X191110S_LCB7_X_APNOV16plex2_Set_25
i198,sc_m0,U,s9,LCB7,X191110S_LCB7_X_APNOV16plex2_Set_25
i199,sc_m0,U,s9,LCB7,X191110S_LCB7_X_APNOV16plex2_Set_25
i200,sc_m0,U,s9,LCB7,X191110S_LCB7_X_APNOV16plex2_Set_25
i201,sc_m0,U,s9,LCB7,X191110S_LCB7_X_APNOV16plex2_Set_25
i202,sc_m0,U,s9,LCB7,X191110S_LCB7_X_APNOV16plex2_Set_25
i203,sc_m0,U,s9,LCB7,X191110S_LCB7_X_APNOV16plex2_Set_25
i204,sc_u,U,s9,LCB7,X191110S_LCB7_X_APNOV16plex2_Set_25
i205,sc_m0,U,s9,LCB7,X191110S_LCB7_X_APNOV16plex2_Set_25
i206,sc_m0,U,s9,LCB7,X191110S_LCB7_X_APNOV16plex2_Set_25
i207,sc_m0,U,s9,LCB7,X191110S_LCB7_X_APNOV16plex2_Set_25
i213,sc_u,U,s9,LCB7,X191110S_LCB7_X_APNOV16plex2_Set_11
i214,sc_m0,U,s9,LCB7,X191110S_LCB7_X_APNOV16plex2_Set_11
i215,sc_u,U,s9,LCB7,X191110S_LCB7_X_APNOV16plex2_Set_11
i217,sc_u,U,s9,LCB7,X191110S_LCB7_X_APNOV16plex2_Set_11
i218,sc_m0,U,s9,LCB7,X191110S_LCB7_X_APNOV16plex2_Set_11
i219,sc_m0,U,s9,LCB7,X191110S_LCB7_X_APNOV16plex2_Set_11
i220,sc_m0,U,s9,LCB7,X191110S_LCB7_X_APNOV16plex2_Set_11
i221,sc_m0,U,s9,LCB7,X191110S_LCB7_X_APNOV16plex2_Set_11
i222,sc_m0,U,s9,LCB7,X191110S_LCB7_X_APNOV16plex2_Set_11
i223,sc_m0,U,s9,LCB7,X191110S_LCB7_X_APNOV16plex2_Set_11
i224,sc_m0,U,s9,LCB7,X191110S_LCB7_X_APNOV16plex2_Set_11
i230,sc_u,U,s9,LCB7,X191110S_LCB7_X_APNOV16plex2_Set_19
i231,sc_m0,U,s9,LCB7,X191110S_LCB7_X_APNOV16plex2_Set_19
i232,sc_m0,U,s9,LCB7,X191110S_LCB7_X_APNOV16plex2_Set_19
i233,sc_m0,U,s9,LCB7,X191110S_LCB7_X_APNOV16plex2_Set_19
i234,sc_m0,U,s9,LCB7,X191110S_LCB7_X_APNOV16plex2_Set_19
i235,sc_m0,U,s9,LCB7,X191110S_LCB7_X_APNOV16plex2_Set_19
i236,sc_m0,U,s9,LCB7,X191110S_LCB7_X_APNOV16plex2_Set_19
i237,sc_u,U,s9,LCB7,X191110S_LCB7_X_APNOV16plex2_Set_19
i238,sc_u,U,s9,LCB7,X191110S_LCB7_X_APNOV16plex2_Set_19
i239,sc_m0,U,s9,LCB7,X191110S_LCB7_X_APNOV16plex2_Set_19
i245,sc_u,T,s9,LCB7,X191107S_LCB7_X_APNOV16plex_Set_7
i246,sc_m0,T,s9,LCB7,X191107S_LCB7_X_APNOV16plex_Set_7
i247,sc_m0,T,s9,LCB7,X191107S_LCB7_X_APNOV16plex_Set_7
i248,sc_m0,T,s9,LCB7,X191107S_LCB7_X_APNOV16plex_Set_7
i250,sc_m0,T,s9,LCB7,X191107S_LCB7_X_APNOV16plex_Set_7
i251,sc_m0,T,s9,LCB7,X191107S_LCB7_X_APNOV16plex_Set_7
i252,sc_u,T,s9,LCB7,X191107S_LCB7_X_APNOV16plex_Set_7
i253,sc_m0,T,s9,LCB7,X191107S_LCB7_X_APNOV16plex_Set_7
i254,sc_m0,T,s9,LCB7,X191107S_LCB7_X_APNOV16plex_Set_7
i255,sc_u,T,s9,LCB7,X191107S_LCB7_X_APNOV16plex_Set_7
i261,sc_m0,T,s9,LCB7,X191108S_LCB7_X_APNOV16plex_Set_30
i263,sc_m0,T,s9,LCB7,X191108S_LCB7_X_APNOV16plex_Set_30
i265,sc_m0,T,s9,LCB7,X191108S_LCB7_X_APNOV16plex_Set_30
i266,sc_u,T,s9,LCB7,X191108S_LCB7_X_APNOV16plex_Set_30
i267,sc_m0,T,s9,LCB7,X191108S_LCB7_X_APNOV16plex_Set_30
i268,sc_m0,T,s9,LCB7,X191108S_LCB7_X_APNOV16plex_Set_30
i269,sc_u,T,s9,LCB7,X191108S_LCB7_X_APNOV16plex_Set_30
i270,sc_u,T,s9,LCB7,X191108S_LCB7_X_APNOV16plex_Set_30
i271,sc_m0,T,s9,LCB7,X191108S_LCB7_X_APNOV16plex_Set_30
i272,sc_m0,T,s9,LCB7,X191108S_LCB7_X_APNOV16plex_Set_30
i279,sc_m0,U,s9,LCB7,X191110S_LCB7_X_APNOV16plex2_Set_27
i280,sc_m0,U,s9,LCB7,X191110S_LCB7_X_APNOV16plex2_Set_27
i281,sc_u,U,s9,LCB7,X191110S_LCB7_X_APNOV16plex2_Set_27
i282,sc_m0,U,s9,LCB7,X191110S_LCB7_X_APNOV16plex2_Set_27
i283,sc_u,U,s9,LCB7,X191110S_LCB7_X_APNOV16plex2_Set_27
i284,sc_u,U,s9,LCB7,X191110S_LCB7_X_APNOV16plex2_Set_27
i285,sc_m0,U,s9,LCB7,X191110S_LCB7_X_APNOV16plex2_Set_27
i286,sc_m0,U,s9,LCB7,X191110S_LCB7_X_APNOV16plex2_Set_27
i287,sc_m0,U,s9,LCB7,X191110S_LCB7_X_APNOV16plex2_Set_27
i288,sc_m0,U,s9,LCB7,X191110S_LCB7_X_APNOV16plex2_Set_27
i293,sc_m0,U,s9,LCB7,X191110S_LCB7_X_APNOV16plex2_Set_23
i295,sc_m0,U,s9,LCB7,X191110S_LCB7_X_APNOV16plex2_Set_23
i296,sc_m0,U,s9,LCB7,X191110S_LCB7_X_APNOV16plex2_Set_23
i297,sc_u,U,s9,LCB7,X191110S_LCB7_X_APNOV16plex2_Set_23
i298,sc_u,U,s9,LCB7,X191110S_LCB7_X_APNOV16plex2_Set_23
i299,sc_u,U,s9,LCB7,X191110S_LCB7_X_APNOV16plex2_Set_23
i300,sc_m0,U,s9,LCB7,X191110S_LCB7_X_APNOV16plex2_Set_23
i302,sc_u,U,s9,LCB7,X191110S_LCB7_X_APNOV16plex2_Set_23
i303,sc_m0,U,s9,LCB7,X191110S_LCB7_X_APNOV16plex2_Set_23
i304,sc_m0,U,s9,LCB7,X191110S_LCB7_X_APNOV16plex2_Set_23
i309,sc_m0,U,s9,LCB7,X191110S_LCB7_X_APNOV16plex2_Set_5
i311,sc_m0,U,s9,LCB7,X191110S_LCB7_X_APNOV16plex2_Set_5
i312,sc_m0,U,s9,LCB7,X191110S_LCB7_X_APNOV16plex2_Set_5
i313,sc_m0,U,s9,LCB7,X191110S_LCB7_X_APNOV16plex2_Set_5
i314,sc_m0,U,s9,LCB7,X191110S_LCB7_X_APNOV16plex2_Set_5
i315,sc_u,U,s9,LCB7,X191110S_LCB7_X_APNOV16plex2_Set_5
i316,sc_m0,U,s9,LCB7,X191110S_LCB7_X_APNOV16plex2_Set_5
i317,sc_m0,U,s9,LCB7,X191110S_LCB7_X_APNOV16plex2_Set_5
i318,sc_u,U,s9,LCB7,X191110S_LCB7_X_APNOV16plex2_Set_5
i319,sc_m0,U,s9,LCB7,X191110S_LCB7_X_APNOV16plex2_Set_5
i325,sc_m0,T,s9,LCB7,X191108S_LCB7_X_APNOV16plex_Set_27
i327,sc_m0,T,s9,LCB7,X191108S_LCB7_X_APNOV16plex_Set_27
i328,sc_m0,T,s9,LCB7,X191108S_LCB7_X_APNOV16plex_Set_27
i329,sc_u,T,s9,LCB7,X191108S_LCB7_X_APNOV16plex_Set_27
i330,sc_m0,T,s9,LCB7,X191108S_LCB7_X_APNOV16plex_Set_27
i331,sc_u,T,s9,LCB7,X191108S_LCB7_X_APNOV16plex_Set_27
i332,sc_u,T,s9,LCB7,X191108S_LCB7_X_APNOV16plex_Set_27
i333,sc_m0,T,s9,LCB7,X191108S_LCB7_X_APNOV16plex_Set_27
i335,sc_m0,T,s9,LCB7,X191108S_LCB7_X_APNOV16plex_Set_27
i336,sc_m0,T,s9,LCB7,X191108S_LCB7_X_APNOV16plex_Set_27
i341,sc_m0,U,s9,LCB7,X191110S_LCB7_X_APNOV16plex2_Set_20
i342,sc_u,U,s9,LCB7,X191110S_LCB7_X_APNOV16plex2_Set_20
i343,sc_m0,U,s9,LCB7,X191110S_LCB7_X_APNOV16plex2_Set_20
i344,sc_m0,U,s9,LCB7,X191110S_LCB7_X_APNOV16plex2_Set_20
i346,sc_m0,U,s9,LCB7,X191110S_LCB7_X_APNOV16plex2_Set_20
i347,sc_m0,U,s9,LCB7,X191110S_LCB7_X_APNOV16plex2_Set_20
i348,sc_m0,U,s9,LCB7,X191110S_LCB7_X_APNOV16plex2_Set_20
i349,sc_m0,U,s9,LCB7,X191110S_LCB7_X_APNOV16plex2_Set_20
i351,sc_m0,U,s9,LCB7,X191110S_LCB7_X_APNOV16plex2_Set_20
i352,sc_m0,U,s9,LCB7,X191110S_LCB7_X_APNOV16plex2_Set_20
i357,sc_u,R,s9,LCB3,X190914S_LCB3_X_16plex_Set_8
i358,sc_m0,R,s9,LCB3,X190914S_LCB3_X_16plex_Set_8
i359,sc_u,R,s9,LCB3,X190914S_LCB3_X_16plex_Set_8
i361,sc_u,R,s9,LCB3,X190914S_LCB3_X_16plex_Set_8
i362,sc_m0,R,s9,LCB3,X190914S_LCB3_X_16plex_Set_8
i363,sc_m0,R,s9,LCB3,X190914S_LCB3_X_16plex_Set_8
i364,sc_m0,R,s9,LCB3,X190914S_LCB3_X_16plex_Set_8
i365,sc_m0,R,s9,LCB3,X190914S_LCB3_X_16plex_Set_8
i366,sc_m0,R,s9,LCB3,X190914S_LCB3_X_16plex_Set_8
i367,sc_m0,R,s9,LCB3,X190914S_LCB3_X_16plex_Set_8
i368,sc_m0,R,s9,LCB3,X190914S_LCB3_X_16plex_Set_8
i373,sc_u,U,s9,LCB7,X191110S_LCB7_X_APNOV16plex2_Set_22
i374,sc_u,U,s9,LCB7,X191110S_LCB7_X_APNOV16plex2_Set_22
i375,sc_m0,U,s9,LCB7,X191110S_LCB7_X_APNOV16plex2_Set_22
i376,sc_u,U,s9,LCB7,X191110S_LCB7_X_APNOV16plex2_Set_22
i377,sc_m0,U,s9,LCB7,X191110S_LCB7_X_APNOV16plex2_Set_22
i378,sc_m0,U,s9,LCB7,X191110S_LCB7_X_APNOV16plex2_Set_22
i380,sc_m0,U,s9,LCB7,X191110S_LCB7_X_APNOV16plex2_Set_22
i381,sc_m0,U,s9,LCB7,X191110S_LCB7_X_APNOV16plex2_Set_22
i382,sc_m0,U,s9,LCB7,X191110S_LCB7_X_APNOV16plex2_Set_22
i383,sc_u,U,s9,LCB7,X191110S_LCB7_X_APNOV16plex2_Set_22
i384,sc_m0,U,s9,LCB7,X191110S_LCB7_X_APNOV16plex2_Set_22
i389,sc_u,U,s9,LCB7,X191110S_LCB7_X_APNOV16plex2_Set_7
i390,sc_m0,U,s9,LCB7,X191110S_LCB7_X_APNOV16plex2_Set_7
i391,sc_m0,U,s9,LCB7,X191110S_LCB7_X_APNOV16plex2_Set_7
i392,sc_m0,U,s9,LCB7,X191110S_LCB7_X_APNOV16plex2_Set_7
i394,sc_m0,U,s9,LCB7,X191110S_LCB7_X_APNOV16plex2_Set_7
i395,sc_m0,U,s9,LCB7,X191110S_LCB7_X_APNOV16plex2_Set_7
i396,sc_u,U,s9,LCB7,X191110S_LCB7_X_APNOV16plex2_Set_7
i397,sc_m0,U,s9,LCB7,X191110S_LCB7_X_APNOV16plex2_Set_7
i398,sc_m0,U,s9,LCB7,X191110S_LCB7_X_APNOV16plex2_Set_7
i399,sc_u,U,s9,LCB7,X191110S_LCB7_X_APNOV16plex2_Set_7
i400,sc_m0,U,s9,LCB7,X191110S_LCB7_X_APNOV16plex2_Set_7
i406,sc_m0,S,s9,LCB7,X191108S_LCB7_X_APOCT16plex_Set_32
i407,sc_m0,S,s9,LCB7,X191108S_LCB7_X_APOCT16plex_Set_32
i408,sc_u,S,s9,LCB7,X191108S_LCB7_X_APOCT16plex_Set_32
i409,sc_u,S,s9,LCB7,X191108S_LCB7_X_APOCT16plex_Set_32
i410,sc_m0,S,s9,LCB7,X191108S_LCB7_X_APOCT16plex_Set_32
i411,sc_u,S,s9,LCB7,X191108S_LCB7_X_APOCT16plex_Set_32
i412,sc_m0,S,s9,LCB7,X191108S_LCB7_X_APOCT16plex_Set_32
i413,sc_m0,S,s9,LCB7,X191108S_LCB7_X_APOCT16plex_Set_32
i414,sc_m0,S,s9,LCB7,X191108S_LCB7_X_APOCT16plex_Set_32
i416,sc_m0,S,s9,LCB7,X191108S_LCB7_X_APOCT16plex_Set_32
i421,sc_m0,U,s9,LCB7,X191110S_LCB7_X_APNOV16plex2_Set_6
i423,sc_m0,U,s9,LCB7,X191110S_LCB7_X_APNOV16plex2_Set_6
i425,sc_m0,U,s9,LCB7,X191110S_LCB7_X_APNOV16plex2_Set_6
i426,sc_u,U,s9,LCB7,X191110S_LCB7_X_APNOV16plex2_Set_6
i427,sc_u,U,s9,LCB7,X191110S_LCB7_X_APNOV16plex2_Set_6
i428,sc_m0,U,s9,LCB7,X191110S_LCB7_X_APNOV16plex2_Set_6
i429,sc_u,U,s9,LCB7,X191110S_LCB7_X_APNOV16plex2_Set_6
i430,sc_m0,U,s9,LCB7,X191110S_LCB7_X_APNOV16plex2_Set_6
i431,sc_m0,U,s9,LCB7,X191110S_LCB7_X_APNOV16plex2_Set_6
i432,sc_m0,U,s9,LCB7,X191110S_LCB7_X_APNOV16plex2_Set_6
i437,sc_m0,T,s9,LCB7,X191108S_LCB7_X_APNOV16plex_Set_23
i438,sc_m0,T,s9,LCB7,X191108S_LCB7_X_APNOV16plex_Set_23
i439,sc_m0,T,s9,LCB7,X191108S_LCB7_X_APNOV16plex_Set_23
i440,sc_m0,T,s9,LCB7,X191108S_LCB7_X_APNOV16plex_Set_23
i441,sc_u,T,s9,LCB7,X191108S_LCB7_X_APNOV16plex_Set_23
i442,sc_u,T,s9,LCB7,X191108S_LCB7_X_APNOV16plex_Set_23
i443,sc_u,T,s9,LCB7,X191108S_LCB7_X_APNOV16plex_Set_23
i444,sc_m0,T,s9,LCB7,X191108S_LCB7_X_APNOV16plex_Set_23
i446,sc_u,T,s9,LCB7,X191108S_LCB7_X_APNOV16plex_Set_23
i447,sc_m0,T,s9,LCB7,X191108S_LCB7_X_APNOV16plex_Set_23
i448,sc_m0,T,s9,LCB7,X191108S_LCB7_X_APNOV16plex_Set_23
i453,sc_m0,R,s9,LCB3,X190914S_LCB3_X_16plex_Set_9
i454,sc_m0,R,s9,LCB3,X190914S_LCB3_X_16plex_Set_9
i455,sc_m0,R,s9,LCB3,X190914S_LCB3_X_16plex_Set_9
i456,sc_u,R,s9,LCB3,X190914S_LCB3_X_16plex_Set_9
i457,sc_m0,R,s9,LCB3,X190914S_LCB3_X_16plex_Set_9
i458,sc_m0,R,s9,LCB3,X190914S_LCB3_X_16plex_Set_9
i459,sc_m0,R,s9,LCB3,X190914S_LCB3_X_16plex_Set_9
i460,sc_m0,R,s9,LCB3,X190914S_LCB3_X_16plex_Set_9
i462,sc_u,R,s9,LCB3,X190914S_LCB3_X_16plex_Set_9
i463,sc_m0,R,s9,LCB3,X190914S_LCB3_X_16plex_Set_9
i464,sc_m0,R,s9,LCB3,X190914S_LCB3_X_16plex_Set_9
i469,sc_m0,R,s9,LCB3,X190914S_LCB3_X_16plex_Set_22
i470,sc_m0,R,s9,LCB3,X190914S_LCB3_X_16plex_Set_22
i471,sc_m0,R,s9,LCB3,X190914S_LCB3_X_16plex_Set_22
i472,sc_m0,R,s9,LCB3,X190914S_LCB3_X_16plex_Set_22
i473,sc_m0,R,s9,LCB3,X190914S_LCB3_X_16plex_Set_22
i474,sc_m0,R,s9,LCB3,X190914S_LCB3_X_16plex_Set_22
i475,sc_m0,R,s9,LCB3,X190914S_LCB3_X_16plex_Set_22
i476,sc_u,R,s9,LCB3,X190914S_LCB3_X_16plex_Set_22
i477,sc_m0,R,s9,LCB3,X190914S_LCB3_X_16plex_Set_22
i478,sc_m0,R,s9,LCB3,X190914S_LCB3_X_16plex_Set_22
i479,sc_m0,R,s9,LCB3,X190914S_LCB3_X_16plex_Set_22
i480,sc_u,R,s9,LCB3,X190914S_LCB3_X_16plex_Set_22
i485,sc_u,U,s9,LCB7,X191110S_LCB7_X_APNOV16plex2_Set_16
i486,sc_u,U,s9,LCB7,X191110S_LCB7_X_APNOV16plex2_Set_16
i487,sc_u,U,s9,LCB7,X191110S_LCB7_X_APNOV16plex2_Set_16
i488,sc_m0,U,s9,LCB7,X191110S_LCB7_X_APNOV16plex2_Set_16
i489,sc_m0,U,s9,LCB7,X191110S_LCB7_X_APNOV16plex2_Set_16
i490,sc_u,U,s9,LCB7,X191110S_LCB7_X_APNOV16plex2_Set_16
i491,sc_m0,U,s9,LCB7,X191110S_LCB7_X_APNOV16plex2_Set_16
i492,sc_u,U,s9,LCB7,X191110S_LCB7_X_APNOV16plex2_Set_16
i493,sc_m0,U,s9,LCB7,X191110S_LCB7_X_APNOV16plex2_Set_16
i494,sc_m0,U,s9,LCB7,X191110S_LCB7_X_APNOV16plex2_Set_16
i495,sc_m0,U,s9,LCB7,X191110S_LCB7_X_APNOV16plex2_Set_16
i496,sc_u,U,s9,LCB7,X191110S_LCB7_X_APNOV16plex2_Set_16
i501,sc_m0,U,s9,LCB7,X191110S_LCB7_X_APNOV16plex2_Set_13
i503,sc_m0,U,s9,LCB7,X191110S_LCB7_X_APNOV16plex2_Set_13
i504,sc_m0,U,s9,LCB7,X191110S_LCB7_X_APNOV16plex2_Set_13
i505,sc_m0,U,s9,LCB7,X191110S_LCB7_X_APNOV16plex2_Set_13
i506,sc_u,U,s9,LCB7,X191110S_LCB7_X_APNOV16plex2_Set_13
i507,sc_m0,U,s9,LCB7,X191110S_LCB7_X_APNOV16plex2_Set_13
i508,sc_m0,U,s9,LCB7,X191110S_LCB7_X_APNOV16plex2_Set_13
i509,sc_u,U,s9,LCB7,X191110S_LCB7_X_APNOV16plex2_Set_13
i510,sc_m0,U,s9,LCB7,X191110S_LCB7_X_APNOV16plex2_Set_13
i511,sc_m0,U,s9,LCB7,X191110S_LCB7_X_APNOV16plex2_Set_13
i512,sc_m0,U,s9,LCB7,X191110S_LCB7_X_APNOV16plex2_Set_13
i517,sc_m0,U,s9,LCB7,X191110S_LCB7_X_APNOV16plex2_Set_15
i518,sc_m0,U,s9,LCB7,X191110S_LCB7_X_APNOV16plex2_Set_15
i519,sc_m0,U,s9,LCB7,X191110S_LCB7_X_APNOV16plex2_Set_15
i520,sc_u,U,s9,LCB7,X191110S_LCB7_X_APNOV16plex2_Set_15
i521,sc_u,U,s9,LCB7,X191110S_LCB7_X_APNOV16plex2_Set_15
i522,sc_m0,U,s9,LCB7,X191110S_LCB7_X_APNOV16plex2_Set_15
i523,sc_m0,U,s9,LCB7,X191110S_LCB7_X_APNOV16plex2_Set_15
i524,sc_m0,U,s9,LCB7,X191110S_LCB7_X_APNOV16plex2_Set_15
i525,sc_u,U,s9,LCB7,X191110S_LCB7_X_APNOV16plex2_Set_15
i526,sc_m0,U,s9,LCB7,X191110S_LCB7_X_APNOV16plex2_Set_15
i527,sc_u,U,s9,LCB7,X191110S_LCB7_X_APNOV16plex2_Set_15
i528,sc_u,U,s9,LCB7,X191110S_LCB7_X_APNOV16plex2_Set_15
i533,sc_m0,U,s9,LCB7,X191110S_LCB7_X_APNOV16plex2_Set_21
i534,sc_u,U,s9,LCB7,X191110S_LCB7_X_APNOV16plex2_Set_21
i535,sc_u,U,s9,LCB7,X191110S_LCB7_X_APNOV16plex2_Set_21
i536,sc_m0,U,s9,LCB7,X191110S_LCB7_X_APNOV16plex2_Set_21
i537,sc_m0,U,s9,LCB7,X191110S_LCB7_X_APNOV16plex2_Set_21
i539,sc_m0,U,s9,LCB7,X191110S_LCB7_X_APNOV16plex2_Set_21
i540,sc_m0,U,s9,LCB7,X191110S_LCB7_X_APNOV16plex2_Set_21
i541,sc_m0,U,s9,LCB7,X191110S_LCB7_X_APNOV16plex2_Set_21
i542,sc_m0,U,s9,LCB7,X191110S_LCB7_X_APNOV16plex2_Set_21
i543,sc_u,U,s9,LCB7,X191110S_LCB7_X_APNOV16plex2_Set_21
i544,sc_u,U,s9,LCB7,X191110S_LCB7_X_APNOV16plex2_Set_21
i550,sc_u,U,s9,LCB7,X191110S_LCB7_X_APNOV16plex2_Set_29
i551,sc_m0,U,s9,LCB7,X191110S_LCB7_X_APNOV16plex2_Set_29
i552,sc_m0,U,s9,LCB7,X191110S_LCB7_X_APNOV16plex2_Set_29
i554,sc_u,U,s9,LCB7,X191110S_LCB7_X_APNOV16plex2_Set_29
i555,sc_u,U,s9,LCB7,X191110S_LCB7_X_APNOV16plex2_Set_29
i556,sc_m0,U,s9,LCB7,X191110S_LCB7_X_APNOV16plex2_Set_29
i557,sc_m0,U,s9,LCB7,X191110S_LCB7_X_APNOV16plex2_Set_29
i558,sc_m0,U,s9,LCB7,X191110S_LCB7_X_APNOV16plex2_Set_29
i559,sc_m0,U,s9,LCB7,X191110S_LCB7_X_APNOV16plex2_Set_29
i560,sc_m0,U,s9,LCB7,X191110S_LCB7_X_APNOV16plex2_Set_29
i565,sc_m0,U,s9,LCB7,X191110S_LCB7_X_APNOV16plex2_Set_10
i566,sc_m0,U,s9,LCB7,X191110S_LCB7_X_APNOV16plex2_Set_10
i567,sc_m0,U,s9,LCB7,X191110S_LCB7_X_APNOV16plex2_Set_10
i568,sc_m0,U,s9,LCB7,X191110S_LCB7_X_APNOV16plex2_Set_10
i569,sc_m0,U,s9,LCB7,X191110S_LCB7_X_APNOV16plex2_Set_10
i570,sc_m0,U,s9,LCB7,X191110S_LCB7_X_APNOV16plex2_Set_10
i571,sc_m0,U,s9,LCB7,X191110S_LCB7_X_APNOV16plex2_Set_10
i572,sc_m0,U,s9,LCB7,X191110S_LCB7_X_APNOV16plex2_Set_10
i573,sc_u,U,s9,LCB7,X191110S_LCB7_X_APNOV16plex2_Set_10
i574,sc_u,U,s9,LCB7,X191110S_LCB7_X_APNOV16plex2_Set_10
i575,sc_m0,U,s9,LCB7,X191110S_LCB7_X_APNOV16plex2_Set_10
i576,sc_u,U,s9,LCB7,X191110S_LCB7_X_APNOV16plex2_Set_10
i581,sc_m0,U,s9,LCB7,X191110S_LCB7_X_APNOV16plex2_Set_30
i583,sc_m0,U,s9,LCB7,X191110S_LCB7_X_APNOV16plex2_Set_30
i585,sc_m0,U,s9,LCB7,X191110S_LCB7_X_APNOV16plex2_Set_30
i586,sc_u,U,s9,LCB7,X191110S_LCB7_X_APNOV16plex2_Set_30
i587,sc_m0,U,s9,LCB7,X191110S_LCB7_X_APNOV16plex2_Set_30
i588,sc_m0,U,s9,LCB7,X191110S_LCB7_X_APNOV16plex2_Set_30
i589,sc_u,U,s9,LCB7,X191110S_LCB7_X_APNOV16plex2_Set_30
i590,sc_u,U,s9,LCB7,X191110S_LCB7_X_APNOV16plex2_Set_30
i592,sc_m0,U,s9,LCB7,X191110S_LCB7_X_APNOV16plex2_Set_30
i597,sc_m0,S,s9,LCB7,X191025S_LCB7_X_AP16plex_Set_3
i598,sc_m0,S,s9,LCB7,X191025S_LCB7_X_AP16plex_Set_3
i600,sc_m0,S,s9,LCB7,X191025S_LCB7_X_AP16plex_Set_3
i601,sc_m0,S,s9,LCB7,X191025S_LCB7_X_AP16plex_Set_3
i602,sc_m0,S,s9,LCB7,X191025S_LCB7_X_AP16plex_Set_3
i603,sc_u,S,s9,LCB7,X191025S_LCB7_X_AP16plex_Set_3
i604,sc_m0,S,s9,LCB7,X191025S_LCB7_X_AP16plex_Set_3
i605,sc_m0,S,s9,LCB7,X191025S_LCB7_X_AP16plex_Set_3
i607,sc_m0,S,s9,LCB7,X191025S_LCB7_X_AP16plex_Set_3
i608,sc_m0,S,s9,LCB7,X191025S_LCB7_X_AP16plex_Set_3
i613,sc_u,T,s9,LCB7,X191108S_LCB7_X_APNOV16plex_Set_26
i614,sc_m0,T,s9,LCB7,X191108S_LCB7_X_APNOV16plex_Set_26
i615,sc_m0,T,s9,LCB7,X191108S_LCB7_X_APNOV16plex_Set_26
i616,sc_m0,T,s9,LCB7,X191108S_LCB7_X_APNOV16plex_Set_26
i617,sc_m0,T,s9,LCB7,X191108S_LCB7_X_APNOV16plex_Set_26
i618,sc_u,T,s9,LCB7,X191108S_LCB7_X_APNOV16plex_Set_26
i619,sc_m0,T,s9,LCB7,X191108S_LCB7_X_APNOV16plex_Set_26
i621,sc_m0,T,s9,LCB7,X191108S_LCB7_X_APNOV16plex_Set_26
i622,sc_m0,T,s9,LCB7,X191108S_LCB7_X_APNOV16plex_Set_26
i623,sc_m0,T,s9,LCB7,X191108S_LCB7_X_APNOV16plex_Set_26
i624,sc_m0,T,s9,LCB7,X191108S_LCB7_X_APNOV16plex_Set_26
i630,sc_m0,T,s9,LCB7,X191108S_LCB7_X_APNOV16plex_Set_32
i631,sc_m0,T,s9,LCB7,X191108S_LCB7_X_APNOV16plex_Set_32
i632,sc_u,T,s9,LCB7,X191108S_LCB7_X_APNOV16plex_Set_32
i633,sc_u,T,s9,LCB7,X191108S_LCB7_X_APNOV16plex_Set_32
i635,sc_u,T,s9,LCB7,X191108S_LCB7_X_APNOV16plex_Set_32
i636,sc_m0,T,s9,LCB7,X191108S_LCB7_X_APNOV16plex_Set_32
i637,sc_m0,T,s9,LCB7,X191108S_LCB7_X_APNOV16plex_Set_32
i640,sc_m0,T,s9,LCB7,X191108S_LCB7_X_APNOV16plex_Set_32
i647,sc_m0,U,s9,LCB7,X191110S_LCB7_X_APNOV16plex2_Set_31
i648,sc_m0,U,s9,LCB7,X191110S_LCB7_X_APNOV16plex2_Set_31
i649,sc_m0,U,s9,LCB7,X191110S_LCB7_X_APNOV16plex2_Set_31
i650,sc_m0,U,s9,LCB7,X191110S_LCB7_X_APNOV16plex2_Set_31
i651,sc_u,U,s9,LCB7,X191110S_LCB7_X_APNOV16plex2_Set_31
i652,sc_m0,U,s9,LCB7,X191110S_LCB7_X_APNOV16plex2_Set_31
i654,sc_u,U,s9,LCB7,X191110S_LCB7_X_APNOV16plex2_Set_31
i655,sc_u,U,s9,LCB7,X191110S_LCB7_X_APNOV16plex2_Set_31
i656,sc_m0,U,s9,LCB7,X191110S_LCB7_X_APNOV16plex2_Set_31
i660,sc_m0,Q,s8,LCA10,X190321S_LCA10_X_FP97AF
i661,sc_m0,Q,s8,LCA10,X190321S_LCA10_X_FP97AF
i662,sc_m0,Q,s8,LCA10,X190321S_LCA10_X_FP97AF
i663,sc_m0,Q,s8,LCA10,X190321S_LCA10_X_FP97AF
i664,sc_u,Q,s8,LCA10,X190321S_LCA10_X_FP97AF
i665,sc_m0,Q,s8,LCA10,X190321S_LCA10_X_FP97AF
i666,sc_u,Q,s8,LCA10,X190321S_LCA10_X_FP97AF
i667,sc_m0,Q,s8,LCA10,X190321S_LCA10_X_FP97AF
i676,sc_m0,Q,s8,LCA10,X190321S_LCA10_X_FP97BB
i678,sc_u,Q,s8,LCA10,X190321S_LCA10_X_FP97BB
i680,sc_u,Q,s8,LCA10,X190321S_LCA10_X_FP97BB
i681,sc_m0,Q,s8,LCA10,X190321S_LCA10_X_FP97BB
i682,sc_m0,Q,s8,LCA10,X190321S_LCA10_X_FP97BB
i693,sc_m0,S,s9,LCB7,X191107S_LCB7_X_APOCT16plex_Set_21
i694,sc_u,S,s9,LCB7,X191107S_LCB7_X_APOCT16plex_Set_21
i695,sc_u,S,s9,LCB7,X191107S_LCB7_X_APOCT16plex_Set_21
i696,sc_m0,S,s9,LCB7,X191107S_LCB7_X_APOCT16plex_Set_21
i699,sc_m0,S,s9,LCB7,X191107S_LCB7_X_APOCT16plex_Set_21
i700,sc_m0,S,s9,LCB7,X191107S_LCB7_X_APOCT16plex_Set_21
i701,sc_m0,S,s9,LCB7,X191107S_LCB7_X_APOCT16plex_Set_21
i703,sc_u,S,s9,LCB7,X191107S_LCB7_X_APOCT16plex_Set_21
i709,sc_u,S,s9,LCB7,X191108S_LCB7_X_APOCT16plex_Set_26
i710,sc_m0,S,s9,LCB7,X191108S_LCB7_X_APOCT16plex_Set_26
i711,sc_m0,S,s9,LCB7,X191108S_LCB7_X_APOCT16plex_Set_26
i712,sc_m0,S,s9,LCB7,X191108S_LCB7_X_APOCT16plex_Set_26
i713,sc_m0,S,s9,LCB7,X191108S_LCB7_X_APOCT16plex_Set_26
i714,sc_u,S,s9,LCB7,X191108S_LCB7_X_APOCT16plex_Set_26
i715,sc_m0,S,s9,LCB7,X191108S_LCB7_X_APOCT16plex_Set_26
i717,sc_m0,S,s9,LCB7,X191108S_LCB7_X_APOCT16plex_Set_26
i718,sc_m0,S,s9,LCB7,X191108S_LCB7_X_APOCT16plex_Set_26
i719,sc_m0,S,s9,LCB7,X191108S_LCB7_X_APOCT16plex_Set_26
i720,sc_m0,S,s9,LCB7,X191108S_LCB7_X_APOCT16plex_Set_26
i728,sc_m0,T,s9,LCB7,X191104S_LCB7_X_APNOV16plex_Set_4
i730,sc_m0,T,s9,LCB7,X191104S_LCB7_X_APNOV16plex_Set_4
i732,sc_u,T,s9,LCB7,X191104S_LCB7_X_APNOV16plex_Set_4
i733,sc_m0,T,s9,LCB7,X191104S_LCB7_X_APNOV16plex_Set_4
i734,sc_m0,T,s9,LCB7,X191104S_LCB7_X_APNOV16plex_Set_4
i735,sc_m0,T,s9,LCB7,X191104S_LCB7_X_APNOV16plex_Set_4
i736,sc_u,T,s9,LCB7,X191104S_LCB7_X_APNOV16plex_Set_4
i740,sc_m0,N,s8,LCA9,X190222S_LCA9_X_FP94AG
i742,sc_m0,N,s8,LCA9,X190222S_LCA9_X_FP94AG
i743,sc_m0,N,s8,LCA9,X190222S_LCA9_X_FP94AG
i745,sc_m0,N,s8,LCA9,X190222S_LCA9_X_FP94AG
i746,sc_m0,N,s8,LCA9,X190222S_LCA9_X_FP94AG
i747,sc_m0,N,s8,LCA9,X190222S_LCA9_X_FP94AG
i756,sc_u,Q,s8,LCA10,X190321S_LCA10_X_FP97AC
i757,sc_m0,Q,s8,LCA10,X190321S_LCA10_X_FP97AC
i758,sc_m0,Q,s8,LCA10,X190321S_LCA10_X_FP97AC
i760,sc_m0,Q,s8,LCA10,X190321S_LCA10_X_FP97AC
i761,sc_m0,Q,s8,LCA10,X190321S_LCA10_X_FP97AC
i763,sc_u,Q,s8,LCA10,X190321S_LCA10_X_FP97AC
i772,sc_m0,Q,s8,LCA10,X190321S_LCA10_X_FP97AH
i773,sc_m0,Q,s8,LCA10,X190321S_LCA10_X_FP97AH
i774,sc_m0,Q,s8,LCA10,X190321S_LCA10_X_FP97AH
i776,sc_m0,Q,s8,LCA10,X190321S_LCA10_X_FP97AH
i777,sc_u,Q,s8,LCA10,X190321S_LCA10_X_FP97AH
i778,sc_m0,Q,s8,LCA10,X190321S_LCA10_X_FP97AH
i779,sc_u,Q,s8,LCA10,X190321S_LCA10_X_FP97AH
i789,sc_m0,Q,s8,LCA10,X190321S_LCA10_X_FP97AL
i791,sc_m0,Q,s8,LCA10,X190321S_LCA10_X_FP97AL
i795,sc_m0,Q,s8,LCA10,X190321S_LCA10_X_FP97AL
i805,sc_m0,Q,s8,LCA10,X190321S_LCA10_X_FP97AO
i806,sc_m0,Q,s8,LCA10,X190321S_LCA10_X_FP97AO
i808,sc_u,Q,s8,LCA10,X190321S_LCA10_X_FP97AO
i809,sc_m0,Q,s8,LCA10,X190321S_LCA10_X_FP97AO
i810,sc_m0,Q,s8,LCA10,X190321S_LCA10_X_FP97AO
i820,sc_m0,Q,s8,LCA10,X190321S_LCA10_X_FP97BO
i824,sc_m0,Q,s8,LCA10,X190321S_LCA10_X_FP97BO
i826,sc_m0,Q,s8,LCA10,X190321S_LCA10_X_FP97BO
i837,sc_u,R,s9,LCB3,X190914S_LCB3_X_16plex_Set_13
i838,sc_u,R,s9,LCB3,X190914S_LCB3_X_16plex_Set_13
i839,sc_u,R,s9,LCB3,X190914S_LCB3_X_16plex_Set_13
i840,sc_m0,R,s9,LCB3,X190914S_LCB3_X_16plex_Set_13
i841,sc_m0,R,s9,LCB3,X190914S_LCB3_X_16plex_Set_13
i842,sc_u,R,s9,LCB3,X190914S_LCB3_X_16plex_Set_13
i843,sc_m0,R,s9,LCB3,X190914S_LCB3_X_16plex_Set_13
i844,sc_u,R,s9,LCB3,X190914S_LCB3_X_16plex_Set_13
i845,sc_m0,R,s9,LCB3,X190914S_LCB3_X_16plex_Set_13
i846,sc_m0,R,s9,LCB3,X190914S_LCB3_X_16plex_Set_13
i847,sc_m0,R,s9,LCB3,X190914S_LCB3_X_16plex_Set_13
i848,sc_u,R,s9,LCB3,X190914S_LCB3_X_16plex_Set_13
i853,sc_m0,S,s9,LCB7,X191026S_LCB7_X_AP16plex_Set_12
i854,sc_m0,S,s9,LCB7,X191026S_LCB7_X_AP16plex_Set_12
i855,sc_m0,S,s9,LCB7,X191026S_LCB7_X_AP16plex_Set_12
i856,sc_u,S,s9,LCB7,X191026S_LCB7_X_AP16plex_Set_12
i857,sc_m0,S,s9,LCB7,X191026S_LCB7_X_AP16plex_Set_12
i858,sc_m0,S,s9,LCB7,X191026S_LCB7_X_AP16plex_Set_12
i859,sc_m0,S,s9,LCB7,X191026S_LCB7_X_AP16plex_Set_12
i860,sc_m0,S,s9,LCB7,X191026S_LCB7_X_AP16plex_Set_12
i862,sc_u,S,s9,LCB7,X191026S_LCB7_X_AP16plex_Set_12
i863,sc_m0,S,s9,LCB7,X191026S_LCB7_X_AP16plex_Set_12
i864,sc_m0,S,s9,LCB7,X191026S_LCB7_X_AP16plex_Set_12
i869,sc_m0,S,s9,LCB7,X191026S_LCB7_X_AP16plex_Set_18
i870,sc_m0,S,s9,LCB7,X191026S_LCB7_X_AP16plex_Set_18
i873,sc_m0,S,s9,LCB7,X191026S_LCB7_X_AP16plex_Set_18
i874,sc_m0,S,s9,LCB7,X191026S_LCB7_X_AP16plex_Set_18
i875,sc_m0,S,s9,LCB7,X191026S_LCB7_X_AP16plex_Set_18
i877,sc_u,S,s9,LCB7,X191026S_LCB7_X_AP16plex_Set_18
i878,sc_m0,S,s9,LCB7,X191026S_LCB7_X_AP16plex_Set_18
i880,sc_m0,S,s9,LCB7,X191026S_LCB7_X_AP16plex_Set_18
i885,sc_m0,S,s9,LCB7,X191026S_LCB7_X_AP16plex_Set_8
i886,sc_m0,S,s9,LCB7,X191026S_LCB7_X_AP16plex_Set_8
i887,sc_m0,S,s9,LCB7,X191026S_LCB7_X_AP16plex_Set_8
i888,sc_u,S,s9,LCB7,X191026S_LCB7_X_AP16plex_Set_8
i889,sc_m0,S,s9,LCB7,X191026S_LCB7_X_AP16plex_Set_8
i891,sc_u,S,s9,LCB7,X191026S_LCB7_X_AP16plex_Set_8
i892,sc_u,S,s9,LCB7,X191026S_LCB7_X_AP16plex_Set_8
i893,sc_m0,S,s9,LCB7,X191026S_LCB7_X_AP16plex_Set_8
i894,sc_m0,S,s9,LCB7,X191026S_LCB7_X_AP16plex_Set_8
i895,sc_u,S,s9,LCB7,X191026S_LCB7_X_AP16plex_Set_8
i896,sc_m0,S,s9,LCB7,X191026S_LCB7_X_AP16plex_Set_8
i901,sc_m0,S,s9,LCB7,X191026S_LCB7_X_AP16plex_Set_9
i903,sc_m0,S,s9,LCB7,X191026S_LCB7_X_AP16plex_Set_9
i904,sc_u,S,s9,LCB7,X191026S_LCB7_X_AP16plex_Set_9
i905,sc_u,S,s9,LCB7,X191026S_LCB7_X_AP16plex_Set_9
i906,sc_m0,S,s9,LCB7,X191026S_LCB7_X_AP16plex_Set_9
i907,sc_m0,S,s9,LCB7,X191026S_LCB7_X_AP16plex_Set_9
i908,sc_m0,S,s9,LCB7,X191026S_LCB7_X_AP16plex_Set_9
i909,sc_m0,S,s9,LCB7,X191026S_LCB7_X_AP16plex_Set_9
i910,sc_m0,S,s9,LCB7,X191026S_LCB7_X_AP16plex_Set_9
i911,sc_u,S,s9,LCB7,X191026S_LCB7_X_AP16plex_Set_9
i912,sc_m0,S,s9,LCB7,X191026S_LCB7_X_AP16plex_Set_9
i917,sc_m0,T,s9,LCB7,X191104S_LCB7_X_APNOV16plex_Set_6_noaddcarr
i919,sc_m0,T,s9,LCB7,X191104S_LCB7_X_APNOV16plex_Set_6_noaddcarr
i920,sc_m0,T,s9,LCB7,X191104S_LCB7_X_APNOV16plex_Set_6_noaddcarr
i921,sc_m0,T,s9,LCB7,X191104S_LCB7_X_APNOV16plex_Set_6_noaddcarr
i922,sc_u,T,s9,LCB7,X191104S_LCB7_X_APNOV16plex_Set_6_noaddcarr
i924,sc_m0,T,s9,LCB7,X191104S_LCB7_X_APNOV16plex_Set_6_noaddcarr
i925,sc_u,T,s9,LCB7,X191104S_LCB7_X_APNOV16plex_Set_6_noaddcarr
i926,sc_m0,T,s9,LCB7,X191104S_LCB7_X_APNOV16plex_Set_6_noaddcarr
i927,sc_m0,T,s9,LCB7,X191104S_LCB7_X_APNOV16plex_Set_6_noaddcarr
i928,sc_m0,T,s9,LCB7,X191104S_LCB7_X_APNOV16plex_Set_6_noaddcarr
i933,sc_m0,T,s9,LCB7,X191106S_LCB7_X_APNOV16plex_Set_20_fullcarr
i934,sc_u,T,s9,LCB7,X191106S_LCB7_X_APNOV16plex_Set_20_fullcarr
i935,sc_m0,T,s9,LCB7,X191106S_LCB7_X_APNOV16plex_Set_20_fullcarr
i936,sc_m0,T,s9,LCB7,X191106S_LCB7_X_APNOV16plex_Set_20_fullcarr
i938,sc_m0,T,s9,LCB7,X191106S_LCB7_X_APNOV16plex_Set_20_fullcarr
i939,sc_m0,T,s9,LCB7,X191106S_LCB7_X_APNOV16plex_Set_20_fullcarr
i940,sc_m0,T,s9,LCB7,X191106S_LCB7_X_APNOV16plex_Set_20_fullcarr
i941,sc_m0,T,s9,LCB7,X191106S_LCB7_X_APNOV16plex_Set_20_fullcarr
i943,sc_m0,T,s9,LCB7,X191106S_LCB7_X_APNOV16plex_Set_20_fullcarr
i944,sc_m0,T,s9,LCB7,X191106S_LCB7_X_APNOV16plex_Set_20_fullcarr
i948,sc_m0,Q,s8,LCA10,X190321S_LCA10_X_FP97BF
i950,sc_m0,Q,s8,LCA10,X190321S_LCA10_X_FP97BF
i952,sc_m0,Q,s8,LCA10,X190321S_LCA10_X_FP97BF
i953,sc_m0,Q,s8,LCA10,X190321S_LCA10_X_FP97BF
i965,sc_m0,Q,s8,LCA10,X190321S_LCA10_X_FP97BK
i966,sc_m0,Q,s8,LCA10,X190321S_LCA10_X_FP97BK
i968,sc_m0,Q,s8,LCA10,X190321S_LCA10_X_FP97BK
i969,sc_m0,Q,s8,LCA10,X190321S_LCA10_X_FP97BK
i970,sc_m0,Q,s8,LCA10,X190321S_LCA10_X_FP97BK
i971,sc_m0,Q,s8,LCA10,X190321S_LCA10_X_FP97BK
i980,sc_m0,Q,s8,LCA10,X190321S_LCA10_X_FP97BL
i981,sc_u,Q,s8,LCA10,X190321S_LCA10_X_FP97BL
i985,sc_m0,Q,s8,LCA10,X190321S_LCA10_X_FP97BL
i986,sc_u,Q,s8,LCA10,X190321S_LCA10_X_FP97BL
i987,sc_u,Q,s8,LCA10,X190321S_LCA10_X_FP97BL
i998,sc_u,R,s9,LCB3,X190914S_LCB3_X_16plex_Set_1
i999,sc_u,R,s9,LCB3,X190914S_LCB3_X_16plex_Set_1
i1000,sc_m0,R,s9,LCB3,X190914S_LCB3_X_16plex_Set_1
i1001,sc_u,R,s9,LCB3,X190914S_LCB3_X_16plex_Set_1
i1002,sc_m0,R,s9,LCB3,X190914S_LCB3_X_16plex_Set_1
i1003,sc_u,R,s9,LCB3,X190914S_LCB3_X_16plex_Set_1
i1004,sc_u,R,s9,LCB3,X190914S_LCB3_X_16plex_Set_1
i1005,sc_m0,R,s9,LCB3,X190914S_LCB3_X_16plex_Set_1
i1006,sc_m0,R,s9,LCB3,X190914S_LCB3_X_16plex_Set_1
i1007,sc_m0,R,s9,LCB3,X190914S_LCB3_X_16plex_Set_1
i1008,sc_u,R,s9,LCB3,X190914S_LCB3_X_16plex_Set_1
i1013,sc_m0,R,s9,LCB3,X190914S_LCB3_X_16plex_Set_11
i1014,sc_m0,R,s9,LCB3,X190914S_LCB3_X_16plex_Set_11
i1015,sc_u,R,s9,LCB3,X190914S_LCB3_X_16plex_Set_11
i1016,sc_m0,R,s9,LCB3,X190914S_LCB3_X_16plex_Set_11
i1017,sc_u,R,s9,LCB3,X190914S_LCB3_X_16plex_Set_11
i1018,sc_m0,R,s9,LCB3,X190914S_LCB3_X_16plex_Set_11
i1019,sc_m0,R,s9,LCB3,X190914S_LCB3_X_16plex_Set_11
i1020,sc_m0,R,s9,LCB3,X190914S_LCB3_X_16plex_Set_11
i1021,sc_m0,R,s9,LCB3,X190914S_LCB3_X_16plex_Set_11
i1022,sc_m0,R,s9,LCB3,X190914S_LCB3_X_16plex_Set_11
i1029,sc_u,R,s9,LCB3,X190914S_LCB3_X_16plex_Set_14
i1030,sc_m0,R,s9,LCB3,X190914S_LCB3_X_16plex_Set_14
i1031,sc_m0,R,s9,LCB3,X190914S_LCB3_X_16plex_Set_14
i1032,sc_m0,R,s9,LCB3,X190914S_LCB3_X_16plex_Set_14
i1033,sc_m0,R,s9,LCB3,X190914S_LCB3_X_16plex_Set_14
i1034,sc_m0,R,s9,LCB3,X190914S_LCB3_X_16plex_Set_14
i1035,sc_m0,R,s9,LCB3,X190914S_LCB3_X_16plex_Set_14
i1036,sc_u,R,s9,LCB3,X190914S_LCB3_X_16plex_Set_14
i1037,sc_m0,R,s9,LCB3,X190914S_LCB3_X_16plex_Set_14
i1038,sc_u,R,s9,LCB3,X190914S_LCB3_X_16plex_Set_14
i1039,sc_m0,R,s9,LCB3,X190914S_LCB3_X_16plex_Set_14
i1040,sc_m0,R,s9,LCB3,X190914S_LCB3_X_16plex_Set_14
i1045,sc_m0,R,s9,LCB3,X190914S_LCB3_X_16plex_Set_23
i1046,sc_m0,R,s9,LCB3,X190914S_LCB3_X_16plex_Set_23
i1047,sc_m0,R,s9,LCB3,X190914S_LCB3_X_16plex_Set_23
i1048,sc_u,R,s9,LCB3,X190914S_LCB3_X_16plex_Set_23
i1049,sc_m0,R,s9,LCB3,X190914S_LCB3_X_16plex_Set_23
i1050,sc_u,R,s9,LCB3,X190914S_LCB3_X_16plex_Set_23
i1051,sc_u,R,s9,LCB3,X190914S_LCB3_X_16plex_Set_23
i1052,sc_m0,R,s9,LCB3,X190914S_LCB3_X_16plex_Set_23
i1053,sc_m0,R,s9,LCB3,X190914S_LCB3_X_16plex_Set_23
i1054,sc_m0,R,s9,LCB3,X190914S_LCB3_X_16plex_Set_23
i1055,sc_m0,R,s9,LCB3,X190914S_LCB3_X_16plex_Set_23
i1056,sc_m0,R,s9,LCB3,X190914S_LCB3_X_16plex_Set_23
i1061,sc_m0,R,s9,LCB3,X190914S_LCB3_X_16plex_Set_24
i1062,sc_m0,R,s9,LCB3,X190914S_LCB3_X_16plex_Set_24
i1063,sc_m0,R,s9,LCB3,X190914S_LCB3_X_16plex_Set_24
i1064,sc_m0,R,s9,LCB3,X190914S_LCB3_X_16plex_Set_24
i1065,sc_m0,R,s9,LCB3,X190914S_LCB3_X_16plex_Set_24
i1066,sc_m0,R,s9,LCB3,X190914S_LCB3_X_16plex_Set_24
i1067,sc_m0,R,s9,LCB3,X190914S_LCB3_X_16plex_Set_24
i1068,sc_u,R,s9,LCB3,X190914S_LCB3_X_16plex_Set_24
i1069,sc_m0,R,s9,LCB3,X190914S_LCB3_X_16plex_Set_24
i1070,sc_m0,R,s9,LCB3,X190914S_LCB3_X_16plex_Set_24
i1071,sc_u,R,s9,LCB3,X190914S_LCB3_X_16plex_Set_24
i1072,sc_u,R,s9,LCB3,X190914S_LCB3_X_16plex_Set_24
i1077,sc_m0,S,s9,LCB7,X191025S_LCB7_X_AP16plex_Set_23
i1078,sc_m0,S,s9,LCB7,X191025S_LCB7_X_AP16plex_Set_23
i1079,sc_m0,S,s9,LCB7,X191025S_LCB7_X_AP16plex_Set_23
i1080,sc_m0,S,s9,LCB7,X191025S_LCB7_X_AP16plex_Set_23
i1081,sc_u,S,s9,LCB7,X191025S_LCB7_X_AP16plex_Set_23
i1082,sc_u,S,s9,LCB7,X191025S_LCB7_X_AP16plex_Set_23
i1083,sc_u,S,s9,LCB7,X191025S_LCB7_X_AP16plex_Set_23
i1084,sc_m0,S,s9,LCB7,X191025S_LCB7_X_AP16plex_Set_23
i1086,sc_u,S,s9,LCB7,X191025S_LCB7_X_AP16plex_Set_23
i1087,sc_m0,S,s9,LCB7,X191025S_LCB7_X_AP16plex_Set_23
i1088,sc_m0,S,s9,LCB7,X191025S_LCB7_X_AP16plex_Set_23
i1093,sc_m0,S,s9,LCB7,X191026S_LCB7_X_AP16plex_Set_10
i1094,sc_m0,S,s9,LCB7,X191026S_LCB7_X_AP16plex_Set_10
i1095,sc_m0,S,s9,LCB7,X191026S_LCB7_X_AP16plex_Set_10
i1096,sc_m0,S,s9,LCB7,X191026S_LCB7_X_AP16plex_Set_10
i1097,sc_m0,S,s9,LCB7,X191026S_LCB7_X_AP16plex_Set_10
i1098,sc_m0,S,s9,LCB7,X191026S_LCB7_X_AP16plex_Set_10
i1099,sc_m0,S,s9,LCB7,X191026S_LCB7_X_AP16plex_Set_10
i1100,sc_m0,S,s9,LCB7,X191026S_LCB7_X_AP16plex_Set_10
i1101,sc_u,S,s9,LCB7,X191026S_LCB7_X_AP16plex_Set_10
i1102,sc_u,S,s9,LCB7,X191026S_LCB7_X_AP16plex_Set_10
i1103,sc_m0,S,s9,LCB7,X191026S_LCB7_X_AP16plex_Set_10
i1104,sc_u,S,s9,LCB7,X191026S_LCB7_X_AP16plex_Set_10
i1109,sc_m0,S,s9,LCB7,X191026S_LCB7_X_AP16plex_Set_14
i1110,sc_m0,S,s9,LCB7,X191026S_LCB7_X_AP16plex_Set_14
i1111,sc_u,S,s9,LCB7,X191026S_LCB7_X_AP16plex_Set_14
i1112,sc_m0,S,s9,LCB7,X191026S_LCB7_X_AP16plex_Set_14
i1113,sc_u,S,s9,LCB7,X191026S_LCB7_X_AP16plex_Set_14
i1114,sc_m0,S,s9,LCB7,X191026S_LCB7_X_AP16plex_Set_14
i1115,sc_m0,S,s9,LCB7,X191026S_LCB7_X_AP16plex_Set_14
i1116,sc_m0,S,s9,LCB7,X191026S_LCB7_X_AP16plex_Set_14
i1117,sc_m0,S,s9,LCB7,X191026S_LCB7_X_AP16plex_Set_14
i1118,sc_m0,S,s9,LCB7,X191026S_LCB7_X_AP16plex_Set_14
i1120,sc_m0,S,s9,LCB7,X191026S_LCB7_X_AP16plex_Set_14
i1125,sc_u,S,s9,LCB7,X191026S_LCB7_X_AP16plex_Set_7
i1127,sc_m0,S,s9,LCB7,X191026S_LCB7_X_AP16plex_Set_7
i1128,sc_m0,S,s9,LCB7,X191026S_LCB7_X_AP16plex_Set_7
i1130,sc_m0,S,s9,LCB7,X191026S_LCB7_X_AP16plex_Set_7
i1131,sc_m0,S,s9,LCB7,X191026S_LCB7_X_AP16plex_Set_7
i1132,sc_u,S,s9,LCB7,X191026S_LCB7_X_AP16plex_Set_7
i1133,sc_m0,S,s9,LCB7,X191026S_LCB7_X_AP16plex_Set_7
i1134,sc_m0,S,s9,LCB7,X191026S_LCB7_X_AP16plex_Set_7
i1135,sc_u,S,s9,LCB7,X191026S_LCB7_X_AP16plex_Set_7
i1136,sc_m0,S,s9,LCB7,X191026S_LCB7_X_AP16plex_Set_7
i1141,sc_m0,S,s9,LCB7,X191108S_LCB7_X_APOCT16plex_Set_30
i1143,sc_m0,S,s9,LCB7,X191108S_LCB7_X_APOCT16plex_Set_30
i1145,sc_m0,S,s9,LCB7,X191108S_LCB7_X_APOCT16plex_Set_30
i1146,sc_u,S,s9,LCB7,X191108S_LCB7_X_APOCT16plex_Set_30
i1147,sc_m0,S,s9,LCB7,X191108S_LCB7_X_APOCT16plex_Set_30
i1148,sc_m0,S,s9,LCB7,X191108S_LCB7_X_APOCT16plex_Set_30
i1149,sc_u,S,s9,LCB7,X191108S_LCB7_X_APOCT16plex_Set_30
i1150,sc_u,S,s9,LCB7,X191108S_LCB7_X_APOCT16plex_Set_30
i1151,sc_m0,S,s9,LCB7,X191108S_LCB7_X_APOCT16plex_Set_30
i1157,sc_u,U,s9,LCB7,X191110S_LCB7_X_APNOV16plex2_Set_2
i1158,sc_m0,U,s9,LCB7,X191110S_LCB7_X_APNOV16plex2_Set_2
i1159,sc_m0,U,s9,LCB7,X191110S_LCB7_X_APNOV16plex2_Set_2
i1161,sc_m0,U,s9,LCB7,X191110S_LCB7_X_APNOV16plex2_Set_2
i1163,sc_m0,U,s9,LCB7,X191110S_LCB7_X_APNOV16plex2_Set_2
i1164,sc_m0,U,s9,LCB7,X191110S_LCB7_X_APNOV16plex2_Set_2
i1165,sc_u,U,s9,LCB7,X191110S_LCB7_X_APNOV16plex2_Set_2
i1166,sc_m0,U,s9,LCB7,X191110S_LCB7_X_APNOV16plex2_Set_2
i1167,sc_m0,U,s9,LCB7,X191110S_LCB7_X_APNOV16plex2_Set_2
i1168,sc_m0,U,s9,LCB7,X191110S_LCB7_X_APNOV16plex2_Set_2
i1173,sc_m0,R,s9,LCB3,X190914S_LCB3_X_16plex_Set_18
i1174,sc_u,R,s9,LCB3,X190914S_LCB3_X_16plex_Set_18
i1175,sc_u,R,s9,LCB3,X190914S_LCB3_X_16plex_Set_18
i1176,sc_m0,R,s9,LCB3,X190914S_LCB3_X_16plex_Set_18
i1177,sc_m0,R,s9,LCB3,X190914S_LCB3_X_16plex_Set_18
i1179,sc_m0,R,s9,LCB3,X190914S_LCB3_X_16plex_Set_18
i1180,sc_m0,R,s9,LCB3,X190914S_LCB3_X_16plex_Set_18
i1181,sc_m0,R,s9,LCB3,X190914S_LCB3_X_16plex_Set_18
i1182,sc_m0,R,s9,LCB3,X190914S_LCB3_X_16plex_Set_18
i1183,sc_u,R,s9,LCB3,X190914S_LCB3_X_16plex_Set_18
i1184,sc_u,R,s9,LCB3,X190914S_LCB3_X_16plex_Set_18
i1189,sc_u,U,s9,LCB7,X191110S_LCB7_X_APNOV16plex2_Set_26
i1190,sc_m0,U,s9,LCB7,X191110S_LCB7_X_APNOV16plex2_Set_26
i1191,sc_m0,U,s9,LCB7,X191110S_LCB7_X_APNOV16plex2_Set_26
i1192,sc_m0,U,s9,LCB7,X191110S_LCB7_X_APNOV16plex2_Set_26
i1193,sc_m0,U,s9,LCB7,X191110S_LCB7_X_APNOV16plex2_Set_26
i1194,sc_u,U,s9,LCB7,X191110S_LCB7_X_APNOV16plex2_Set_26
i1195,sc_m0,U,s9,LCB7,X191110S_LCB7_X_APNOV16plex2_Set_26
i1197,sc_m0,U,s9,LCB7,X191110S_LCB7_X_APNOV16plex2_Set_26
i1198,sc_m0,U,s9,LCB7,X191110S_LCB7_X_APNOV16plex2_Set_26
i1199,sc_m0,U,s9,LCB7,X191110S_LCB7_X_APNOV16plex2_Set_26
i1200,sc_m0,U,s9,LCB7,X191110S_LCB7_X_APNOV16plex2_Set_26
i1205,sc_m0,R,s9,LCB3,X190913S_LCB3_X_16plex_Set_12
i1206,sc_m0,R,s9,LCB3,X190913S_LCB3_X_16plex_Set_12
i1207,sc_m0,R,s9,LCB3,X190913S_LCB3_X_16plex_Set_12
i1208,sc_u,R,s9,LCB3,X190913S_LCB3_X_16plex_Set_12
i1209,sc_u,R,s9,LCB3,X190913S_LCB3_X_16plex_Set_12
i1210,sc_m0,R,s9,LCB3,X190913S_LCB3_X_16plex_Set_12
i1211,sc_m0,R,s9,LCB3,X190913S_LCB3_X_16plex_Set_12
i1212,sc_m0,R,s9,LCB3,X190913S_LCB3_X_16plex_Set_12
i1213,sc_u,R,s9,LCB3,X190913S_LCB3_X_16plex_Set_12
i1214,sc_m0,R,s9,LCB3,X190913S_LCB3_X_16plex_Set_12
i1215,sc_u,R,s9,LCB3,X190913S_LCB3_X_16plex_Set_12
i1216,sc_u,R,s9,LCB3,X190913S_LCB3_X_16plex_Set_12
i1221,sc_m0,R,s9,LCB3,X190913S_LCB3_X_16plex_Set_17_reinject2
i1222,sc_u,R,s9,LCB3,X190913S_LCB3_X_16plex_Set_17_reinject2
i1223,sc_m0,R,s9,LCB3,X190913S_LCB3_X_16plex_Set_17_reinject2
i1224,sc_m0,R,s9,LCB3,X190913S_LCB3_X_16plex_Set_17_reinject2
i1226,sc_m0,R,s9,LCB3,X190913S_LCB3_X_16plex_Set_17_reinject2
i1227,sc_m0,R,s9,LCB3,X190913S_LCB3_X_16plex_Set_17_reinject2
i1228,sc_m0,R,s9,LCB3,X190913S_LCB3_X_16plex_Set_17_reinject2
i1229,sc_m0,R,s9,LCB3,X190913S_LCB3_X_16plex_Set_17_reinject2
i1231,sc_m0,R,s9,LCB3,X190913S_LCB3_X_16plex_Set_17_reinject2
i1232,sc_m0,R,s9,LCB3,X190913S_LCB3_X_16plex_Set_17_reinject2
i1237,sc_m0,U,s9,LCB7,X191110S_LCB7_X_APNOV16plex2_Set_24
i1238,sc_m0,U,s9,LCB7,X191110S_LCB7_X_APNOV16plex2_Set_24
i1240,sc_u,U,s9,LCB7,X191110S_LCB7_X_APNOV16plex2_Set_24
i1241,sc_m0,U,s9,LCB7,X191110S_LCB7_X_APNOV16plex2_Set_24
i1242,sc_u,U,s9,LCB7,X191110S_LCB7_X_APNOV16plex2_Set_24
i1244,sc_m0,U,s9,LCB7,X191110S_LCB7_X_APNOV16plex2_Set_24
i1245,sc_m0,U,s9,LCB7,X191110S_LCB7_X_APNOV16plex2_Set_24
i1246,sc_m0,U,s9,LCB7,X191110S_LCB7_X_APNOV16plex2_Set_24
i1247,sc_m0,U,s9,LCB7,X191110S_LCB7_X_APNOV16plex2_Set_24
i1248,sc_m0,U,s9,LCB7,X191110S_LCB7_X_APNOV16plex2_Set_24
i1253,sc_m0,R,s9,LCB3,X190914S_LCB3_X_16plex_Set_6
i1255,sc_m0,R,s9,LCB3,X190914S_LCB3_X_16plex_Set_6
i1256,sc_u,R,s9,LCB3,X190914S_LCB3_X_16plex_Set_6
i1257,sc_u,R,s9,LCB3,X190914S_LCB3_X_16plex_Set_6
i1258,sc_m0,R,s9,LCB3,X190914S_LCB3_X_16plex_Set_6
i1259,sc_m0,R,s9,LCB3,X190914S_LCB3_X_16plex_Set_6
i1260,sc_m0,R,s9,LCB3,X190914S_LCB3_X_16plex_Set_6
i1261,sc_m0,R,s9,LCB3,X190914S_LCB3_X_16plex_Set_6
i1262,sc_m0,R,s9,LCB3,X190914S_LCB3_X_16plex_Set_6
i1263,sc_u,R,s9,LCB3,X190914S_LCB3_X_16plex_Set_6
i1264,sc_m0,R,s9,LCB3,X190914S_LCB3_X_16plex_Set_6
i1269,sc_u,T,s9,LCB7,X191107S_LCB7_X_APNOV16plex_Set_17
i1270,sc_m0,T,s9,LCB7,X191107S_LCB7_X_APNOV16plex_Set_17
i1271,sc_m0,T,s9,LCB7,X191107S_LCB7_X_APNOV16plex_Set_17
i1272,sc_m0,T,s9,LCB7,X191107S_LCB7_X_APNOV16plex_Set_17
i1273,sc_m0,T,s9,LCB7,X191107S_LCB7_X_APNOV16plex_Set_17
i1274,sc_m0,T,s9,LCB7,X191107S_LCB7_X_APNOV16plex_Set_17
i1275,sc_m0,T,s9,LCB7,X191107S_LCB7_X_APNOV16plex_Set_17
i1276,sc_u,T,s9,LCB7,X191107S_LCB7_X_APNOV16plex_Set_17
i1277,sc_m0,T,s9,LCB7,X191107S_LCB7_X_APNOV16plex_Set_17
i1278,sc_u,T,s9,LCB7,X191107S_LCB7_X_APNOV16plex_Set_17
i1279,sc_m0,T,s9,LCB7,X191107S_LCB7_X_APNOV16plex_Set_17
i1280,sc_m0,T,s9,LCB7,X191107S_LCB7_X_APNOV16plex_Set_17
i1286,sc_u,S,s9,LCB7,X191107S_LCB7_X_APOCT16plex_Set_19
i1287,sc_m0,S,s9,LCB7,X191107S_LCB7_X_APOCT16plex_Set_19
i1288,sc_m0,S,s9,LCB7,X191107S_LCB7_X_APOCT16plex_Set_19
i1289,sc_m0,S,s9,LCB7,X191107S_LCB7_X_APOCT16plex_Set_19
i1290,sc_m0,S,s9,LCB7,X191107S_LCB7_X_APOCT16plex_Set_19
i1291,sc_m0,S,s9,LCB7,X191107S_LCB7_X_APOCT16plex_Set_19
i1292,sc_m0,S,s9,LCB7,X191107S_LCB7_X_APOCT16plex_Set_19
i1293,sc_u,S,s9,LCB7,X191107S_LCB7_X_APOCT16plex_Set_19
i1294,sc_u,S,s9,LCB7,X191107S_LCB7_X_APOCT16plex_Set_19
i1295,sc_m0,S,s9,LCB7,X191107S_LCB7_X_APOCT16plex_Set_19
i1301,sc_m0,R,s9,LCB3,X190914S_LCB3_X_16plex_Set_5
i1302,sc_m0,R,s9,LCB3,X190914S_LCB3_X_16plex_Set_5
i1303,sc_m0,R,s9,LCB3,X190914S_LCB3_X_16plex_Set_5
i1304,sc_u,R,s9,LCB3,X190914S_LCB3_X_16plex_Set_5
i1305,sc_m0,R,s9,LCB3,X190914S_LCB3_X_16plex_Set_5
i1307,sc_u,R,s9,LCB3,X190914S_LCB3_X_16plex_Set_5
i1308,sc_u,R,s9,LCB3,X190914S_LCB3_X_16plex_Set_5
i1309,sc_m0,R,s9,LCB3,X190914S_LCB3_X_16plex_Set_5
i1310,sc_m0,R,s9,LCB3,X190914S_LCB3_X_16plex_Set_5
i1311,sc_u,R,s9,LCB3,X190914S_LCB3_X_16plex_Set_5
i1312,sc_m0,R,s9,LCB3,X190914S_LCB3_X_16plex_Set_5
i1317,sc_u,S,s9,LCB7,X191025S_LCB7_X_AP16plex_Set_1
i1318,sc_m0,S,s9,LCB7,X191025S_LCB7_X_AP16plex_Set_1
i1319,sc_m0,S,s9,LCB7,X191025S_LCB7_X_AP16plex_Set_1
i1320,sc_m0,S,s9,LCB7,X191025S_LCB7_X_AP16plex_Set_1
i1321,sc_u,S,s9,LCB7,X191025S_LCB7_X_AP16plex_Set_1
i1322,sc_m0,S,s9,LCB7,X191025S_LCB7_X_AP16plex_Set_1
i1324,sc_u,S,s9,LCB7,X191025S_LCB7_X_AP16plex_Set_1
i1325,sc_m0,S,s9,LCB7,X191025S_LCB7_X_AP16plex_Set_1
i1326,sc_u,S,s9,LCB7,X191025S_LCB7_X_AP16plex_Set_1
i1327,sc_m0,S,s9,LCB7,X191025S_LCB7_X_AP16plex_Set_1
i1328,sc_m0,S,s9,LCB7,X191025S_LCB7_X_AP16plex_Set_1
i1334,sc_u,S,s9,LCB7,X191025S_LCB7_X_AP16plex_Set_4
i1335,sc_u,S,s9,LCB7,X191025S_LCB7_X_AP16plex_Set_4
i1336,sc_m0,S,s9,LCB7,X191025S_LCB7_X_AP16plex_Set_4
i1337,sc_u,S,s9,LCB7,X191025S_LCB7_X_AP16plex_Set_4
i1338,sc_m0,S,s9,LCB7,X191025S_LCB7_X_AP16plex_Set_4
i1339,sc_u,S,s9,LCB7,X191025S_LCB7_X_AP16plex_Set_4
i1340,sc_u,S,s9,LCB7,X191025S_LCB7_X_AP16plex_Set_4
i1341,sc_m0,S,s9,LCB7,X191025S_LCB7_X_AP16plex_Set_4
i1342,sc_m0,S,s9,LCB7,X191025S_LCB7_X_AP16plex_Set_4
i1343,sc_m0,S,s9,LCB7,X191025S_LCB7_X_AP16plex_Set_4
i1344,sc_u,S,s9,LCB7,X191025S_LCB7_X_AP16plex_Set_4
i1349,sc_m0,S,s9,LCB7,X191026S_LCB7_X_AP16plex_Set_13
i1350,sc_m0,S,s9,LCB7,X191026S_LCB7_X_AP16plex_Set_13
i1351,sc_m0,S,s9,LCB7,X191026S_LCB7_X_AP16plex_Set_13
i1352,sc_m0,S,s9,LCB7,X191026S_LCB7_X_AP16plex_Set_13
i1353,sc_m0,S,s9,LCB7,X191026S_LCB7_X_AP16plex_Set_13
i1354,sc_u,S,s9,LCB7,X191026S_LCB7_X_AP16plex_Set_13
i1355,sc_m0,S,s9,LCB7,X191026S_LCB7_X_AP16plex_Set_13
i1356,sc_m0,S,s9,LCB7,X191026S_LCB7_X_AP16plex_Set_13
i1357,sc_u,S,s9,LCB7,X191026S_LCB7_X_AP16plex_Set_13
i1358,sc_m0,S,s9,LCB7,X191026S_LCB7_X_AP16plex_Set_13
i1359,sc_m0,S,s9,LCB7,X191026S_LCB7_X_AP16plex_Set_13
i1360,sc_m0,S,s9,LCB7,X191026S_LCB7_X_AP16plex_Set_13
i1365,sc_u,S,s9,LCB7,X191026S_LCB7_X_AP16plex_Set_17
i1366,sc_m0,S,s9,LCB7,X191026S_LCB7_X_AP16plex_Set_17
i1367,sc_m0,S,s9,LCB7,X191026S_LCB7_X_AP16plex_Set_17
i1368,sc_m0,S,s9,LCB7,X191026S_LCB7_X_AP16plex_Set_17
i1369,sc_m0,S,s9,LCB7,X191026S_LCB7_X_AP16plex_Set_17
i1370,sc_m0,S,s9,LCB7,X191026S_LCB7_X_AP16plex_Set_17
i1371,sc_m0,S,s9,LCB7,X191026S_LCB7_X_AP16plex_Set_17
i1372,sc_u,S,s9,LCB7,X191026S_LCB7_X_AP16plex_Set_17
i1373,sc_m0,S,s9,LCB7,X191026S_LCB7_X_AP16plex_Set_17
i1374,sc_u,S,s9,LCB7,X191026S_LCB7_X_AP16plex_Set_17
i1375,sc_m0,S,s9,LCB7,X191026S_LCB7_X_AP16plex_Set_17
i1376,sc_m0,S,s9,LCB7,X191026S_LCB7_X_AP16plex_Set_17
i1381,sc_u,T,s9,LCB7,X191108S_LCB7_X_APNOV16plex_Set_31
i1382,sc_m0,T,s9,LCB7,X191108S_LCB7_X_APNOV16plex_Set_31
i1383,sc_m0,T,s9,LCB7,X191108S_LCB7_X_APNOV16plex_Set_31
i1384,sc_m0,T,s9,LCB7,X191108S_LCB7_X_APNOV16plex_Set_31
i1385,sc_m0,T,s9,LCB7,X191108S_LCB7_X_APNOV16plex_Set_31
i1386,sc_m0,T,s9,LCB7,X191108S_LCB7_X_APNOV16plex_Set_31
i1387,sc_u,T,s9,LCB7,X191108S_LCB7_X_APNOV16plex_Set_31
i1388,sc_m0,T,s9,LCB7,X191108S_LCB7_X_APNOV16plex_Set_31
i1390,sc_u,T,s9,LCB7,X191108S_LCB7_X_APNOV16plex_Set_31
i1391,sc_u,T,s9,LCB7,X191108S_LCB7_X_APNOV16plex_Set_31
i1392,sc_m0,T,s9,LCB7,X191108S_LCB7_X_APNOV16plex_Set_31
i1397,sc_m0,S,s9,LCB7,X191026S_LCB7_X_AP16plex_Set_6
i1399,sc_m0,S,s9,LCB7,X191026S_LCB7_X_AP16plex_Set_6
i1400,sc_m0,S,s9,LCB7,X191026S_LCB7_X_AP16plex_Set_6
i1401,sc_m0,S,s9,LCB7,X191026S_LCB7_X_AP16plex_Set_6
i1402,sc_u,S,s9,LCB7,X191026S_LCB7_X_AP16plex_Set_6
i1403,sc_u,S,s9,LCB7,X191026S_LCB7_X_AP16plex_Set_6
i1404,sc_m0,S,s9,LCB7,X191026S_LCB7_X_AP16plex_Set_6
i1405,sc_u,S,s9,LCB7,X191026S_LCB7_X_AP16plex_Set_6
i1406,sc_m0,S,s9,LCB7,X191026S_LCB7_X_AP16plex_Set_6
i1407,sc_m0,S,s9,LCB7,X191026S_LCB7_X_AP16plex_Set_6
i1408,sc_m0,S,s9,LCB7,X191026S_LCB7_X_AP16plex_Set_6
i1413,sc_m0,T,s9,LCB7,X191107S_LCB7_X_APNOV16plex_Set_21
i1414,sc_u,T,s9,LCB7,X191107S_LCB7_X_APNOV16plex_Set_21
i1415,sc_u,T,s9,LCB7,X191107S_LCB7_X_APNOV16plex_Set_21
i1416,sc_m0,T,s9,LCB7,X191107S_LCB7_X_APNOV16plex_Set_21
i1417,sc_m0,T,s9,LCB7,X191107S_LCB7_X_APNOV16plex_Set_21
i1419,sc_m0,T,s9,LCB7,X191107S_LCB7_X_APNOV16plex_Set_21
i1420,sc_m0,T,s9,LCB7,X191107S_LCB7_X_APNOV16plex_Set_21
i1421,sc_m0,T,s9,LCB7,X191107S_LCB7_X_APNOV16plex_Set_21
i1422,sc_m0,T,s9,LCB7,X191107S_LCB7_X_APNOV16plex_Set_21
i1423,sc_u,T,s9,LCB7,X191107S_LCB7_X_APNOV16plex_Set_21
i1424,sc_u,T,s9,LCB7,X191107S_LCB7_X_APNOV16plex_Set_21
i1429,sc_m0,R,s9,LCB3,X190914S_LCB3_X_16plex_Set_15
i1430,sc_m0,R,s9,LCB3,X190914S_LCB3_X_16plex_Set_15
i1433,sc_m0,R,s9,LCB3,X190914S_LCB3_X_16plex_Set_15
i1434,sc_m0,R,s9,LCB3,X190914S_LCB3_X_16plex_Set_15
i1435,sc_m0,R,s9,LCB3,X190914S_LCB3_X_16plex_Set_15
i1437,sc_u,R,s9,LCB3,X190914S_LCB3_X_16plex_Set_15
i1438,sc_m0,R,s9,LCB3,X190914S_LCB3_X_16plex_Set_15
i1440,sc_m0,R,s9,LCB3,X190914S_LCB3_X_16plex_Set_15
i1445,sc_m0,R,s9,LCB3,X190914S_LCB3_X_16plex_Set_20
i1446,sc_m0,R,s9,LCB3,X190914S_LCB3_X_16plex_Set_20
i1447,sc_m0,R,s9,LCB3,X190914S_LCB3_X_16plex_Set_20
i1448,sc_m0,R,s9,LCB3,X190914S_LCB3_X_16plex_Set_20
i1449,sc_u,R,s9,LCB3,X190914S_LCB3_X_16plex_Set_20
i1450,sc_u,R,s9,LCB3,X190914S_LCB3_X_16plex_Set_20
i1451,sc_u,R,s9,LCB3,X190914S_LCB3_X_16plex_Set_20
i1452,sc_m0,R,s9,LCB3,X190914S_LCB3_X_16plex_Set_20
i1454,sc_u,R,s9,LCB3,X190914S_LCB3_X_16plex_Set_20
i1455,sc_m0,R,s9,LCB3,X190914S_LCB3_X_16plex_Set_20
i1456,sc_m0,R,s9,LCB3,X190914S_LCB3_X_16plex_Set_20
i1461,sc_m0,R,s9,LCB3,X190914S_LCB3_X_16plex_Set_10
i1462,sc_m0,R,s9,LCB3,X190914S_LCB3_X_16plex_Set_10
i1463,sc_m0,R,s9,LCB3,X190914S_LCB3_X_16plex_Set_10
i1464,sc_m0,R,s9,LCB3,X190914S_LCB3_X_16plex_Set_10
i1465,sc_m0,R,s9,LCB3,X190914S_LCB3_X_16plex_Set_10
i1466,sc_u,R,s9,LCB3,X190914S_LCB3_X_16plex_Set_10
i1467,sc_m0,R,s9,LCB3,X190914S_LCB3_X_16plex_Set_10
i1468,sc_m0,R,s9,LCB3,X190914S_LCB3_X_16plex_Set_10
i1469,sc_u,R,s9,LCB3,X190914S_LCB3_X_16plex_Set_10
i1470,sc_m0,R,s9,LCB3,X190914S_LCB3_X_16plex_Set_10
i1471,sc_m0,R,s9,LCB3,X190914S_LCB3_X_16plex_Set_10
i1472,sc_m0,R,s9,LCB3,X190914S_LCB3_X_16plex_Set_10
i1477,sc_m0,R,s9,LCB3,X190914S_LCB3_X_16plex_Set_3
i1479,sc_m0,R,s9,LCB3,X190914S_LCB3_X_16plex_Set_3
i1480,sc_m0,R,s9,LCB3,X190914S_LCB3_X_16plex_Set_3
i1481,sc_m0,R,s9,LCB3,X190914S_LCB3_X_16plex_Set_3
i1482,sc_u,R,s9,LCB3,X190914S_LCB3_X_16plex_Set_3
i1483,sc_u,R,s9,LCB3,X190914S_LCB3_X_16plex_Set_3
i1484,sc_m0,R,s9,LCB3,X190914S_LCB3_X_16plex_Set_3
i1485,sc_u,R,s9,LCB3,X190914S_LCB3_X_16plex_Set_3
i1486,sc_m0,R,s9,LCB3,X190914S_LCB3_X_16plex_Set_3
i1487,sc_m0,R,s9,LCB3,X190914S_LCB3_X_16plex_Set_3
i1488,sc_m0,R,s9,LCB3,X190914S_LCB3_X_16plex_Set_3
i1493,sc_m0,R,s9,LCB3,X190914S_LCB3_X_16plex_Set_7
i1494,sc_m0,R,s9,LCB3,X190914S_LCB3_X_16plex_Set_7
i1495,sc_m0,R,s9,LCB3,X190914S_LCB3_X_16plex_Set_7
i1496,sc_m0,R,s9,LCB3,X190914S_LCB3_X_16plex_Set_7
i1497,sc_m0,R,s9,LCB3,X190914S_LCB3_X_16plex_Set_7
i1498,sc_m0,R,s9,LCB3,X190914S_LCB3_X_16plex_Set_7
i1499,sc_m0,R,s9,LCB3,X190914S_LCB3_X_16plex_Set_7
i1500,sc_m0,R,s9,LCB3,X190914S_LCB3_X_16plex_Set_7
i1501,sc_u,R,s9,LCB3,X190914S_LCB3_X_16plex_Set_7
i1502,sc_u,R,s9,LCB3,X190914S_LCB3_X_16plex_Set_7
i1503,sc_m0,R,s9,LCB3,X190914S_LCB3_X_16plex_Set_7
i1504,sc_u,R,s9,LCB3,X190914S_LCB3_X_16plex_Set_7
i1509,sc_m0,S,s9,LCB7,X191025S_LCB7_X_AP16plex_Set_5
i1510,sc_m0,S,s9,LCB7,X191025S_LCB7_X_AP16plex_Set_5
i1512,sc_m0,S,s9,LCB7,X191025S_LCB7_X_AP16plex_Set_5
i1513,sc_m0,S,s9,LCB7,X191025S_LCB7_X_AP16plex_Set_5
i1514,sc_m0,S,s9,LCB7,X191025S_LCB7_X_AP16plex_Set_5
i1515,sc_u,S,s9,LCB7,X191025S_LCB7_X_AP16plex_Set_5
i1516,sc_m0,S,s9,LCB7,X191025S_LCB7_X_AP16plex_Set_5
i1517,sc_m0,S,s9,LCB7,X191025S_LCB7_X_AP16plex_Set_5
i1518,sc_u,S,s9,LCB7,X191025S_LCB7_X_AP16plex_Set_5
i1519,sc_m0,S,s9,LCB7,X191025S_LCB7_X_AP16plex_Set_5
i1524,sc_m0,N,s8,LCA9,X190222S_LCA9_X_FP94BI
i1525,sc_m0,N,s8,LCA9,X190222S_LCA9_X_FP94BI
i1526,sc_u,N,s8,LCA9,X190222S_LCA9_X_FP94BI
i1527,sc_u,N,s8,LCA9,X190222S_LCA9_X_FP94BI
i1529,sc_m0,N,s8,LCA9,X190222S_LCA9_X_FP94BI
i1530,sc_m0,N,s8,LCA9,X190222S_LCA9_X_FP94BI
i1540,sc_u,Q,s8,LCA10,X190321S_LCA10_X_FP97BE
i1541,sc_m0,Q,s8,LCA10,X190321S_LCA10_X_FP97BE
i1542,sc_u,Q,s8,LCA10,X190321S_LCA10_X_FP97BE
i1543,sc_m0,Q,s8,LCA10,X190321S_LCA10_X_FP97BE
i1545,sc_m0,Q,s8,LCA10,X190321S_LCA10_X_FP97BE
i1546,sc_m0,Q,s8,LCA10,X190321S_LCA10_X_FP97BE
i1547,sc_m0,Q,s8,LCA10,X190321S_LCA10_X_FP97BE
i1556,sc_u,Q,s8,LCA10,X190321S_LCA10_X_FP97BJ
i1557,sc_m0,Q,s8,LCA10,X190321S_LCA10_X_FP97BJ
i1558,sc_m0,Q,s8,LCA10,X190321S_LCA10_X_FP97BJ
i1560,sc_m0,Q,s8,LCA10,X190321S_LCA10_X_FP97BJ
i1562,sc_m0,Q,s8,LCA10,X190321S_LCA10_X_FP97BJ
i1563,sc_m0,Q,s8,LCA10,X190321S_LCA10_X_FP97BJ
i1572,sc_m0,N,s8,LCA9,X190222S_LCA9_X_FP94AD
i1574,sc_m0,N,s8,LCA9,X190222S_LCA9_X_FP94AD
i1576,sc_m0,N,s8,LCA9,X190222S_LCA9_X_FP94AD
i1578,sc_m0,N,s8,LCA9,X190222S_LCA9_X_FP94AD
i1579,sc_m0,N,s8,LCA9,X190222S_LCA9_X_FP94AD
i1589,sc_u,R,s9,LCB3,X190914S_LCB3_X_16plex_Set_19
i1590,sc_u,R,s9,LCB3,X190914S_LCB3_X_16plex_Set_19
i1591,sc_m0,R,s9,LCB3,X190914S_LCB3_X_16plex_Set_19
i1592,sc_u,R,s9,LCB3,X190914S_LCB3_X_16plex_Set_19
i1593,sc_m0,R,s9,LCB3,X190914S_LCB3_X_16plex_Set_19
i1594,sc_m0,R,s9,LCB3,X190914S_LCB3_X_16plex_Set_19
i1596,sc_m0,R,s9,LCB3,X190914S_LCB3_X_16plex_Set_19
i1597,sc_m0,R,s9,LCB3,X190914S_LCB3_X_16plex_Set_19
i1598,sc_m0,R,s9,LCB3,X190914S_LCB3_X_16plex_Set_19
i1599,sc_u,R,s9,LCB3,X190914S_LCB3_X_16plex_Set_19
i1600,sc_m0,R,s9,LCB3,X190914S_LCB3_X_16plex_Set_19
i1605,sc_m0,R,s9,LCB3,X190914S_LCB3_X_16plex_Set_21
i1606,sc_m0,R,s9,LCB3,X190914S_LCB3_X_16plex_Set_21
i1608,sc_u,R,s9,LCB3,X190914S_LCB3_X_16plex_Set_21
i1609,sc_m0,R,s9,LCB3,X190914S_LCB3_X_16plex_Set_21
i1610,sc_u,R,s9,LCB3,X190914S_LCB3_X_16plex_Set_21
i1612,sc_m0,R,s9,LCB3,X190914S_LCB3_X_16plex_Set_21
i1613,sc_m0,R,s9,LCB3,X190914S_LCB3_X_16plex_Set_21
i1614,sc_m0,R,s9,LCB3,X190914S_LCB3_X_16plex_Set_21
i1615,sc_m0,R,s9,LCB3,X190914S_LCB3_X_16plex_Set_21
i1616,sc_m0,R,s9,LCB3,X190914S_LCB3_X_16plex_Set_21
i1620,sc_m0,N,s8,LCA9,X190222S_LCA9_X_FP94AF
i1621,sc_m0,N,s8,LCA9,X190222S_LCA9_X_FP94AF
i1622,sc_m0,N,s8,LCA9,X190222S_LCA9_X_FP94AF
i1623,sc_m0,N,s8,LCA9,X190222S_LCA9_X_FP94AF
i1624,sc_u,N,s8,LCA9,X190222S_LCA9_X_FP94AF
i1625,sc_m0,N,s8,LCA9,X190222S_LCA9_X_FP94AF
i1626,sc_u,N,s8,LCA9,X190222S_LCA9_X_FP94AF
i1627,sc_m0,N,s8,LCA9,X190222S_LCA9_X_FP94AF
i1636,sc_u,Q,s8,LCA10,X190321S_LCA10_X_FP97AE
i1637,sc_m0,Q,s8,LCA10,X190321S_LCA10_X_FP97AE
i1639,sc_m0,Q,s8,LCA10,X190321S_LCA10_X_FP97AE
i1640,sc_m0,Q,s8,LCA10,X190321S_LCA10_X_FP97AE
i1641,sc_m0,Q,s8,LCA10,X190321S_LCA10_X_FP97AE
i1642,sc_u,Q,s8,LCA10,X190321S_LCA10_X_FP97AE
i1652,sc_m0,Q,s8,LCA10,X190321S_LCA10_X_FP97BI
i1653,sc_m0,Q,s8,LCA10,X190321S_LCA10_X_FP97BI
i1655,sc_u,Q,s8,LCA10,X190321S_LCA10_X_FP97BI
i1656,sc_u,Q,s8,LCA10,X190321S_LCA10_X_FP97BI
i1657,sc_m0,Q,s8,LCA10,X190321S_LCA10_X_FP97BI
i1658,sc_m0,Q,s8,LCA10,X190321S_LCA10_X_FP97BI
i1659,sc_u,Q,s8,LCA10,X190321S_LCA10_X_FP97BI
i1668,sc_u,N,s8,LCA9,X190222S_LCA9_X_FP94BN
i1670,sc_u,N,s8,LCA9,X190222S_LCA9_X_FP94BN
i1671,sc_m0,N,s8,LCA9,X190222S_LCA9_X_FP94BN
i1672,sc_m0,N,s8,LCA9,X190222S_LCA9_X_FP94BN
i1673,sc_m0,N,s8,LCA9,X190222S_LCA9_X_FP94BN
i1675,sc_m0,N,s8,LCA9,X190222S_LCA9_X_FP94BN
i1684,sc_m0,Q,s8,LCA10,X190321S_LCA10_X_FP97BH
i1688,sc_m0,Q,s8,LCA10,X190321S_LCA10_X_FP97BH
i1689,sc_m0,Q,s8,LCA10,X190321S_LCA10_X_FP97BH
i1690,sc_m0,Q,s8,LCA10,X190321S_LCA10_X_FP97BH
i1691,sc_m0,Q,s8,LCA10,X190321S_LCA10_X_FP97BH
i1700,sc_u,Q,s8,LCA10,X190321S_LCA10_X_FP97BN
i1702,sc_u,Q,s8,LCA10,X190321S_LCA10_X_FP97BN
i1703,sc_m0,Q,s8,LCA10,X190321S_LCA10_X_FP97BN
i1707,sc_m0,Q,s8,LCA10,X190321S_LCA10_X_FP97BN
i1718,sc_m0,T,s9,LCB7,X191104S_LCB7_X_AP_NOV16plex_Set_1
i1719,sc_m0,T,s9,LCB7,X191104S_LCB7_X_AP_NOV16plex_Set_1
i1721,sc_u,T,s9,LCB7,X191104S_LCB7_X_AP_NOV16plex_Set_1
i1722,sc_m0,T,s9,LCB7,X191104S_LCB7_X_AP_NOV16plex_Set_1
i1724,sc_u,T,s9,LCB7,X191104S_LCB7_X_AP_NOV16plex_Set_1
i1725,sc_m0,T,s9,LCB7,X191104S_LCB7_X_AP_NOV16plex_Set_1
i1726,sc_u,T,s9,LCB7,X191104S_LCB7_X_AP_NOV16plex_Set_1
i1727,sc_m0,T,s9,LCB7,X191104S_LCB7_X_AP_NOV16plex_Set_1
i1728,sc_m0,T,s9,LCB7,X191104S_LCB7_X_AP_NOV16plex_Set_1
i1733,sc_m0,T,s9,LCB7,X191107S_LCB7_X_APNOV16plex_Set_12
i1734,sc_m0,T,s9,LCB7,X191107S_LCB7_X_APNOV16plex_Set_12
i1735,sc_m0,T,s9,LCB7,X191107S_LCB7_X_APNOV16plex_Set_12
i1736,sc_u,T,s9,LCB7,X191107S_LCB7_X_APNOV16plex_Set_12
i1737,sc_m0,T,s9,LCB7,X191107S_LCB7_X_APNOV16plex_Set_12
i1738,sc_m0,T,s9,LCB7,X191107S_LCB7_X_APNOV16plex_Set_12
i1739,sc_m0,T,s9,LCB7,X191107S_LCB7_X_APNOV16plex_Set_12
i1740,sc_m0,T,s9,LCB7,X191107S_LCB7_X_APNOV16plex_Set_12
i1742,sc_u,T,s9,LCB7,X191107S_LCB7_X_APNOV16plex_Set_12
i1743,sc_m0,T,s9,LCB7,X191107S_LCB7_X_APNOV16plex_Set_12
i1744,sc_m0,T,s9,LCB7,X191107S_LCB7_X_APNOV16plex_Set_12
i1749,sc_m0,T,s9,LCB7,X191107S_LCB7_X_APNOV16plex_Set_9
i1751,sc_m0,T,s9,LCB7,X191107S_LCB7_X_APNOV16plex_Set_9
i1753,sc_u,T,s9,LCB7,X191107S_LCB7_X_APNOV16plex_Set_9
i1754,sc_m0,T,s9,LCB7,X191107S_LCB7_X_APNOV16plex_Set_9
i1755,sc_m0,T,s9,LCB7,X191107S_LCB7_X_APNOV16plex_Set_9
i1756,sc_m0,T,s9,LCB7,X191107S_LCB7_X_APNOV16plex_Set_9
i1757,sc_m0,T,s9,LCB7,X191107S_LCB7_X_APNOV16plex_Set_9
i1758,sc_m0,T,s9,LCB7,X191107S_LCB7_X_APNOV16plex_Set_9
i1759,sc_u,T,s9,LCB7,X191107S_LCB7_X_APNOV16plex_Set_9
i1760,sc_m0,T,s9,LCB7,X191107S_LCB7_X_APNOV16plex_Set_9
i1765,sc_m0,S,s9,LCB7,X191107S_LCB7_X_APOCT16plex_Set_20
i1766,sc_u,S,s9,LCB7,X191107S_LCB7_X_APOCT16plex_Set_20
i1767,sc_m0,S,s9,LCB7,X191107S_LCB7_X_APOCT16plex_Set_20
i1768,sc_m0,S,s9,LCB7,X191107S_LCB7_X_APOCT16plex_Set_20
i1771,sc_m0,S,s9,LCB7,X191107S_LCB7_X_APOCT16plex_Set_20
i1772,sc_m0,S,s9,LCB7,X191107S_LCB7_X_APOCT16plex_Set_20
i1773,sc_m0,S,s9,LCB7,X191107S_LCB7_X_APOCT16plex_Set_20
i1775,sc_m0,S,s9,LCB7,X191107S_LCB7_X_APOCT16plex_Set_20
i1776,sc_m0,S,s9,LCB7,X191107S_LCB7_X_APOCT16plex_Set_20
i1781,sc_m0,S,s9,LCB7,X191108S_LCB7_X_APOCT16plex_Set_27
i1782,sc_m0,S,s9,LCB7,X191108S_LCB7_X_APOCT16plex_Set_27
i1783,sc_m0,S,s9,LCB7,X191108S_LCB7_X_APOCT16plex_Set_27
i1784,sc_m0,S,s9,LCB7,X191108S_LCB7_X_APOCT16plex_Set_27
i1785,sc_u,S,s9,LCB7,X191108S_LCB7_X_APOCT16plex_Set_27
i1786,sc_m0,S,s9,LCB7,X191108S_LCB7_X_APOCT16plex_Set_27
i1787,sc_u,S,s9,LCB7,X191108S_LCB7_X_APOCT16plex_Set_27
i1788,sc_u,S,s9,LCB7,X191108S_LCB7_X_APOCT16plex_Set_27
i1789,sc_m0,S,s9,LCB7,X191108S_LCB7_X_APOCT16plex_Set_27
i1790,sc_m0,S,s9,LCB7,X191108S_LCB7_X_APOCT16plex_Set_27
i1791,sc_m0,S,s9,LCB7,X191108S_LCB7_X_APOCT16plex_Set_27
i1792,sc_m0,S,s9,LCB7,X191108S_LCB7_X_APOCT16plex_Set_27
i1798,sc_m0,U,s9,LCB7,X191110S_LCB7_X_APNOV16plex2_Set_1
i1800,sc_m0,U,s9,LCB7,X191110S_LCB7_X_APNOV16plex2_Set_1
i1801,sc_u,U,s9,LCB7,X191110S_LCB7_X_APNOV16plex2_Set_1
i1802,sc_m0,U,s9,LCB7,X191110S_LCB7_X_APNOV16plex2_Set_1
i1804,sc_u,U,s9,LCB7,X191110S_LCB7_X_APNOV16plex2_Set_1
i1805,sc_m0,U,s9,LCB7,X191110S_LCB7_X_APNOV16plex2_Set_1
i1806,sc_u,U,s9,LCB7,X191110S_LCB7_X_APNOV16plex2_Set_1
i1807,sc_m0,U,s9,LCB7,X191110S_LCB7_X_APNOV16plex2_Set_1
i1808,sc_m0,U,s9,LCB7,X191110S_LCB7_X_APNOV16plex2_Set_1
i1815,sc_m0,N,s8,LCA9,X190222S_LCA9_X_FP94BC
i1817,sc_u,N,s8,LCA9,X190222S_LCA9_X_FP94BC
i1818,sc_m0,N,s8,LCA9,X190222S_LCA9_X_FP94BC
i1819,sc_m0,N,s8,LCA9,X190222S_LCA9_X_FP94BC
i1832,sc_m0,Q,s8,LCA10,X190321S_LCA10_X_FP97AM
i1833,sc_u,Q,s8,LCA10,X190321S_LCA10_X_FP97AM
i1834,sc_m0,Q,s8,LCA10,X190321S_LCA10_X_FP97AM
i1845,sc_m0,T,s9,LCB7,X191104S_LCB7_X_APNOV16plex_Set_3
i1846,sc_m0,T,s9,LCB7,X191104S_LCB7_X_APNOV16plex_Set_3
i1849,sc_m0,T,s9,LCB7,X191104S_LCB7_X_APNOV16plex_Set_3
i1850,sc_m0,T,s9,LCB7,X191104S_LCB7_X_APNOV16plex_Set_3
i1851,sc_u,T,s9,LCB7,X191104S_LCB7_X_APNOV16plex_Set_3
i1852,sc_m0,T,s9,LCB7,X191104S_LCB7_X_APNOV16plex_Set_3
i1853,sc_m0,T,s9,LCB7,X191104S_LCB7_X_APNOV16plex_Set_3
i1855,sc_m0,T,s9,LCB7,X191104S_LCB7_X_APNOV16plex_Set_3
i1861,sc_m0,T,s9,LCB7,X191107S_LCB7_X_APNOV16plex_Set_8
i1862,sc_m0,T,s9,LCB7,X191107S_LCB7_X_APNOV16plex_Set_8
i1863,sc_m0,T,s9,LCB7,X191107S_LCB7_X_APNOV16plex_Set_8
i1864,sc_u,T,s9,LCB7,X191107S_LCB7_X_APNOV16plex_Set_8
i1865,sc_m0,T,s9,LCB7,X191107S_LCB7_X_APNOV16plex_Set_8
i1867,sc_u,T,s9,LCB7,X191107S_LCB7_X_APNOV16plex_Set_8
i1868,sc_u,T,s9,LCB7,X191107S_LCB7_X_APNOV16plex_Set_8
i1869,sc_m0,T,s9,LCB7,X191107S_LCB7_X_APNOV16plex_Set_8
i1870,sc_m0,T,s9,LCB7,X191107S_LCB7_X_APNOV16plex_Set_8
i1871,sc_u,T,s9,LCB7,X191107S_LCB7_X_APNOV16plex_Set_8
i1872,sc_m0,T,s9,LCB7,X191107S_LCB7_X_APNOV16plex_Set_8
i1877,sc_m0,U,s9,LCB7,X191110S_LCB7_X_APNOV16plex2_Set_3
i1878,sc_m0,U,s9,LCB7,X191110S_LCB7_X_APNOV16plex2_Set_3
i1880,sc_m0,U,s9,LCB7,X191110S_LCB7_X_APNOV16plex2_Set_3
i1881,sc_m0,U,s9,LCB7,X191110S_LCB7_X_APNOV16plex2_Set_3
i1882,sc_m0,U,s9,LCB7,X191110S_LCB7_X_APNOV16plex2_Set_3
i1883,sc_u,U,s9,LCB7,X191110S_LCB7_X_APNOV16plex2_Set_3
i1884,sc_m0,U,s9,LCB7,X191110S_LCB7_X_APNOV16plex2_Set_3
i1885,sc_m0,U,s9,LCB7,X191110S_LCB7_X_APNOV16plex2_Set_3
i1887,sc_m0,U,s9,LCB7,X191110S_LCB7_X_APNOV16plex2_Set_3
i1893,sc_m0,S,s9,LCB7,X191025S_LCB7_X_AP16plex_Set_24
i1894,sc_m0,S,s9,LCB7,X191025S_LCB7_X_AP16plex_Set_24
i1896,sc_u,S,s9,LCB7,X191025S_LCB7_X_AP16plex_Set_24
i1897,sc_m0,S,s9,LCB7,X191025S_LCB7_X_AP16plex_Set_24
i1898,sc_u,S,s9,LCB7,X191025S_LCB7_X_AP16plex_Set_24
i1900,sc_m0,S,s9,LCB7,X191025S_LCB7_X_AP16plex_Set_24
i1901,sc_m0,S,s9,LCB7,X191025S_LCB7_X_AP16plex_Set_24
i1902,sc_m0,S,s9,LCB7,X191025S_LCB7_X_AP16plex_Set_24
i1903,sc_m0,S,s9,LCB7,X191025S_LCB7_X_AP16plex_Set_24
i1904,sc_m0,S,s9,LCB7,X191025S_LCB7_X_AP16plex_Set_24
i1908,sc_m0,N,s8,LCA9,X190222S_LCA9_X_FP94AI
i1910,sc_m0,N,s8,LCA9,X190222S_LCA9_X_FP94AI
i1911,sc_u,N,s8,LCA9,X190222S_LCA9_X_FP94AI
i1913,sc_m0,N,s8,LCA9,X190222S_LCA9_X_FP94AI
i1914,sc_m0,N,s8,LCA9,X190222S_LCA9_X_FP94AI
i1915,sc_m0,N,s8,LCA9,X190222S_LCA9_X_FP94AI
i1926,sc_m0,S,s9,LCB7,X191108S_LCB7_X_APOCT16plex_Set_28
i1927,sc_m0,S,s9,LCB7,X191108S_LCB7_X_APOCT16plex_Set_28
i1928,sc_m0,S,s9,LCB7,X191108S_LCB7_X_APOCT16plex_Set_28
i1929,sc_m0,S,s9,LCB7,X191108S_LCB7_X_APOCT16plex_Set_28
i1930,sc_m0,S,s9,LCB7,X191108S_LCB7_X_APOCT16plex_Set_28
i1931,sc_m0,S,s9,LCB7,X191108S_LCB7_X_APOCT16plex_Set_28
i1932,sc_m0,S,s9,LCB7,X191108S_LCB7_X_APOCT16plex_Set_28
i1933,sc_u,S,s9,LCB7,X191108S_LCB7_X_APOCT16plex_Set_28
i1934,sc_m0,S,s9,LCB7,X191108S_LCB7_X_APOCT16plex_Set_28
i1935,sc_m0,S,s9,LCB7,X191108S_LCB7_X_APOCT16plex_Set_28
i1936,sc_u,S,s9,LCB7,X191108S_LCB7_X_APOCT16plex_Set_28
i1942,sc_u,U,s9,LCB7,X191110S_LCB7_X_APNOV16plex2_Set_4
i1943,sc_u,U,s9,LCB7,X191110S_LCB7_X_APNOV16plex2_Set_4
i1944,sc_m0,U,s9,LCB7,X191110S_LCB7_X_APNOV16plex2_Set_4
i1945,sc_u,U,s9,LCB7,X191110S_LCB7_X_APNOV16plex2_Set_4
i1946,sc_m0,U,s9,LCB7,X191110S_LCB7_X_APNOV16plex2_Set_4
i1947,sc_u,U,s9,LCB7,X191110S_LCB7_X_APNOV16plex2_Set_4
i1948,sc_u,U,s9,LCB7,X191110S_LCB7_X_APNOV16plex2_Set_4
i1949,sc_m0,U,s9,LCB7,X191110S_LCB7_X_APNOV16plex2_Set_4
i1950,sc_m0,U,s9,LCB7,X191110S_LCB7_X_APNOV16plex2_Set_4
i1951,sc_m0,U,s9,LCB7,X191110S_LCB7_X_APNOV16plex2_Set_4
i1952,sc_u,U,s9,LCB7,X191110S_LCB7_X_APNOV16plex2_Set_4
i1957,sc_m0,U,s9,LCB7,X191110S_LCB7_X_APNOV16plex2_Set_8
i1958,sc_m0,U,s9,LCB7,X191110S_LCB7_X_APNOV16plex2_Set_8
i1959,sc_m0,U,s9,LCB7,X191110S_LCB7_X_APNOV16plex2_Set_8
i1960,sc_u,U,s9,LCB7,X191110S_LCB7_X_APNOV16plex2_Set_8
i1961,sc_m0,U,s9,LCB7,X191110S_LCB7_X_APNOV16plex2_Set_8
i1963,sc_u,U,s9,LCB7,X191110S_LCB7_X_APNOV16plex2_Set_8
i1964,sc_u,U,s9,LCB7,X191110S_LCB7_X_APNOV16plex2_Set_8
i1965,sc_m0,U,s9,LCB7,X191110S_LCB7_X_APNOV16plex2_Set_8
i1966,sc_m0,U,s9,LCB7,X191110S_LCB7_X_APNOV16plex2_Set_8
i1967,sc_u,U,s9,LCB7,X191110S_LCB7_X_APNOV16plex2_Set_8
i1968,sc_m0,U,s9,LCB7,X191110S_LCB7_X_APNOV16plex2_Set_8
i1973,sc_u,S,s9,LCB7,X191025S_LCB7_X_AP16plex_Set_22_reinject
i1974,sc_u,S,s9,LCB7,X191025S_LCB7_X_AP16plex_Set_22_reinject
i1976,sc_u,S,s9,LCB7,X191025S_LCB7_X_AP16plex_Set_22_reinject
i1977,sc_m0,S,s9,LCB7,X191025S_LCB7_X_AP16plex_Set_22_reinject
i1978,sc_m0,S,s9,LCB7,X191025S_LCB7_X_AP16plex_Set_22_reinject
i1980,sc_m0,S,s9,LCB7,X191025S_LCB7_X_AP16plex_Set_22_reinject
i1981,sc_m0,S,s9,LCB7,X191025S_LCB7_X_AP16plex_Set_22_reinject
i1982,sc_m0,S,s9,LCB7,X191025S_LCB7_X_AP16plex_Set_22_reinject
i1983,sc_u,S,s9,LCB7,X191025S_LCB7_X_AP16plex_Set_22_reinject
i1989,sc_u,T,s9,LCB7,X191107S_LCB7_X_APNOV16plex_Set_22
i1990,sc_u,T,s9,LCB7,X191107S_LCB7_X_APNOV16plex_Set_22
i1991,sc_m0,T,s9,LCB7,X191107S_LCB7_X_APNOV16plex_Set_22
i1992,sc_u,T,s9,LCB7,X191107S_LCB7_X_APNOV16plex_Set_22
i1993,sc_m0,T,s9,LCB7,X191107S_LCB7_X_APNOV16plex_Set_22
i1994,sc_m0,T,s9,LCB7,X191107S_LCB7_X_APNOV16plex_Set_22
i1996,sc_m0,T,s9,LCB7,X191107S_LCB7_X_APNOV16plex_Set_22
i1997,sc_m0,T,s9,LCB7,X191107S_LCB7_X_APNOV16plex_Set_22
i1998,sc_m0,T,s9,LCB7,X191107S_LCB7_X_APNOV16plex_Set_22
i1999,sc_u,T,s9,LCB7,X191107S_LCB7_X_APNOV16plex_Set_22
i2000,sc_m0,T,s9,LCB7,X191107S_LCB7_X_APNOV16plex_Set_22
i2005,sc_m0,U,s9,LCB7,X191110S_LCB7_X_APNOV16plex2_Set_14
i2006,sc_m0,U,s9,LCB7,X191110S_LCB7_X_APNOV16plex2_Set_14
i2007,sc_u,U,s9,LCB7,X191110S_LCB7_X_APNOV16plex2_Set_14
i2008,sc_m0,U,s9,LCB7,X191110S_LCB7_X_APNOV16plex2_Set_14
i2009,sc_u,U,s9,LCB7,X191110S_LCB7_X_APNOV16plex2_Set_14
i2010,sc_m0,U,s9,LCB7,X191110S_LCB7_X_APNOV16plex2_Set_14
i2011,sc_m0,U,s9,LCB7,X191110S_LCB7_X_APNOV16plex2_Set_14
i2012,sc_m0,U,s9,LCB7,X191110S_LCB7_X_APNOV16plex2_Set_14
i2013,sc_m0,U,s9,LCB7,X191110S_LCB7_X_APNOV16plex2_Set_14
i2014,sc_m0,U,s9,LCB7,X191110S_LCB7_X_APNOV16plex2_Set_14
i2016,sc_m0,U,s9,LCB7,X191110S_LCB7_X_APNOV16plex2_Set_14
i2022,sc_m0,U,s9,LCB7,X191110S_LCB7_X_APNOV16plex2_Set_28
i2023,sc_m0,U,s9,LCB7,X191110S_LCB7_X_APNOV16plex2_Set_28
i2024,sc_m0,U,s9,LCB7,X191110S_LCB7_X_APNOV16plex2_Set_28
i2025,sc_m0,U,s9,LCB7,X191110S_LCB7_X_APNOV16plex2_Set_28
i2026,sc_m0,U,s9,LCB7,X191110S_LCB7_X_APNOV16plex2_Set_28
i2027,sc_m0,U,s9,LCB7,X191110S_LCB7_X_APNOV16plex2_Set_28
i2028,sc_m0,U,s9,LCB7,X191110S_LCB7_X_APNOV16plex2_Set_28
i2029,sc_u,U,s9,LCB7,X191110S_LCB7_X_APNOV16plex2_Set_28
i2030,sc_m0,U,s9,LCB7,X191110S_LCB7_X_APNOV16plex2_Set_28
i2031,sc_m0,U,s9,LCB7,X191110S_LCB7_X_APNOV16plex2_Set_28
i2032,sc_u,U,s9,LCB7,X191110S_LCB7_X_APNOV16plex2_Set_28
i2037,sc_m0,U,s9,LCB7,X191110S_LCB7_X_APNOV16plex2_Set_18
i2038,sc_m0,U,s9,LCB7,X191110S_LCB7_X_APNOV16plex2_Set_18
i2041,sc_m0,U,s9,LCB7,X191110S_LCB7_X_APNOV16plex2_Set_18
i2042,sc_m0,U,s9,LCB7,X191110S_LCB7_X_APNOV16plex2_Set_18
i2043,sc_m0,U,s9,LCB7,X191110S_LCB7_X_APNOV16plex2_Set_18
i2045,sc_u,U,s9,LCB7,X191110S_LCB7_X_APNOV16plex2_Set_18
i2046,sc_m0,U,s9,LCB7,X191110S_LCB7_X_APNOV16plex2_Set_18
i2048,sc_m0,U,s9,LCB7,X191110S_LCB7_X_APNOV16plex2_Set_18
i2053,sc_u,S,s9,LCB7,X191108S_LCB7_X_APOCT16plex_Set_31
i2054,sc_m0,S,s9,LCB7,X191108S_LCB7_X_APOCT16plex_Set_31
i2055,sc_m0,S,s9,LCB7,X191108S_LCB7_X_APOCT16plex_Set_31
i2056,sc_m0,S,s9,LCB7,X191108S_LCB7_X_APOCT16plex_Set_31
i2057,sc_m0,S,s9,LCB7,X191108S_LCB7_X_APOCT16plex_Set_31
i2058,sc_m0,S,s9,LCB7,X191108S_LCB7_X_APOCT16plex_Set_31
i2059,sc_u,S,s9,LCB7,X191108S_LCB7_X_APOCT16plex_Set_31
i2060,sc_m0,S,s9,LCB7,X191108S_LCB7_X_APOCT16plex_Set_31
i2062,sc_u,S,s9,LCB7,X191108S_LCB7_X_APOCT16plex_Set_31
i2063,sc_u,S,s9,LCB7,X191108S_LCB7_X_APOCT16plex_Set_31
i2064,sc_m0,S,s9,LCB7,X191108S_LCB7_X_APOCT16plex_Set_31
i2069,sc_m0,S,s9,LCB7,X191025S_LCB7_X_AP16plex_Set_25
i2070,sc_m0,S,s9,LCB7,X191025S_LCB7_X_AP16plex_Set_25
i2071,sc_m0,S,s9,LCB7,X191025S_LCB7_X_AP16plex_Set_25
i2072,sc_m0,S,s9,LCB7,X191025S_LCB7_X_AP16plex_Set_25
i2073,sc_m0,S,s9,LCB7,X191025S_LCB7_X_AP16plex_Set_25
i2074,sc_m0,S,s9,LCB7,X191025S_LCB7_X_AP16plex_Set_25
i2075,sc_m0,S,s9,LCB7,X191025S_LCB7_X_AP16plex_Set_25
i2076,sc_u,S,s9,LCB7,X191025S_LCB7_X_AP16plex_Set_25
i2077,sc_m0,S,s9,LCB7,X191025S_LCB7_X_AP16plex_Set_25
i2078,sc_m0,S,s9,LCB7,X191025S_LCB7_X_AP16plex_Set_25
i2079,sc_m0,S,s9,LCB7,X191025S_LCB7_X_AP16plex_Set_25
i2080,sc_u,S,s9,LCB7,X191025S_LCB7_X_AP16plex_Set_25
i2085,sc_u,T,s9,LCB7,X191107S_LCB7_X_APNOV16plex_Set_11
i2086,sc_m0,T,s9,LCB7,X191107S_LCB7_X_APNOV16plex_Set_11
i2087,sc_u,T,s9,LCB7,X191107S_LCB7_X_APNOV16plex_Set_11
i2089,sc_u,T,s9,LCB7,X191107S_LCB7_X_APNOV16plex_Set_11
i2090,sc_m0,T,s9,LCB7,X191107S_LCB7_X_APNOV16plex_Set_11
i2091,sc_m0,T,s9,LCB7,X191107S_LCB7_X_APNOV16plex_Set_11
i2092,sc_m0,T,s9,LCB7,X191107S_LCB7_X_APNOV16plex_Set_11
i2093,sc_m0,T,s9,LCB7,X191107S_LCB7_X_APNOV16plex_Set_11
i2094,sc_m0,T,s9,LCB7,X191107S_LCB7_X_APNOV16plex_Set_11
i2095,sc_m0,T,s9,LCB7,X191107S_LCB7_X_APNOV16plex_Set_11
i2096,sc_m0,T,s9,LCB7,X191107S_LCB7_X_APNOV16plex_Set_11
i2101,sc_m0,T,s9,LCB7,X191107S_LCB7_X_APNOV16plex_Set_13
i2102,sc_m0,T,s9,LCB7,X191107S_LCB7_X_APNOV16plex_Set_13
i2103,sc_m0,T,s9,LCB7,X191107S_LCB7_X_APNOV16plex_Set_13
i2104,sc_m0,T,s9,LCB7,X191107S_LCB7_X_APNOV16plex_Set_13
i2105,sc_m0,T,s9,LCB7,X191107S_LCB7_X_APNOV16plex_Set_13
i2106,sc_u,T,s9,LCB7,X191107S_LCB7_X_APNOV16plex_Set_13
i2107,sc_m0,T,s9,LCB7,X191107S_LCB7_X_APNOV16plex_Set_13
i2108,sc_m0,T,s9,LCB7,X191107S_LCB7_X_APNOV16plex_Set_13
i2109,sc_u,T,s9,LCB7,X191107S_LCB7_X_APNOV16plex_Set_13
i2110,sc_m0,T,s9,LCB7,X191107S_LCB7_X_APNOV16plex_Set_13
i2111,sc_m0,T,s9,LCB7,X191107S_LCB7_X_APNOV16plex_Set_13
i2112,sc_m0,T,s9,LCB7,X191107S_LCB7_X_APNOV16plex_Set_13
i2117,sc_m0,T,s9,LCB7,X191107S_LCB7_X_APNOV16plex_Set_15
i2118,sc_m0,T,s9,LCB7,X191107S_LCB7_X_APNOV16plex_Set_15
i2119,sc_m0,T,s9,LCB7,X191107S_LCB7_X_APNOV16plex_Set_15
i2120,sc_u,T,s9,LCB7,X191107S_LCB7_X_APNOV16plex_Set_15
i2121,sc_u,T,s9,LCB7,X191107S_LCB7_X_APNOV16plex_Set_15
i2122,sc_m0,T,s9,LCB7,X191107S_LCB7_X_APNOV16plex_Set_15
i2123,sc_m0,T,s9,LCB7,X191107S_LCB7_X_APNOV16plex_Set_15
i2124,sc_m0,T,s9,LCB7,X191107S_LCB7_X_APNOV16plex_Set_15
i2125,sc_u,T,s9,LCB7,X191107S_LCB7_X_APNOV16plex_Set_15
i2126,sc_m0,T,s9,LCB7,X191107S_LCB7_X_APNOV16plex_Set_15
i2127,sc_u,T,s9,LCB7,X191107S_LCB7_X_APNOV16plex_Set_15
i2128,sc_u,T,s9,LCB7,X191107S_LCB7_X_APNOV16plex_Set_15
i2133,sc_m0,T,s9,LCB7,X191108S_LCB7_X_APNOV16plex_Set_25
i2134,sc_m0,T,s9,LCB7,X191108S_LCB7_X_APNOV16plex_Set_25
i2135,sc_m0,T,s9,LCB7,X191108S_LCB7_X_APNOV16plex_Set_25
i2136,sc_m0,T,s9,LCB7,X191108S_LCB7_X_APNOV16plex_Set_25
i2137,sc_m0,T,s9,LCB7,X191108S_LCB7_X_APNOV16plex_Set_25
i2138,sc_m0,T,s9,LCB7,X191108S_LCB7_X_APNOV16plex_Set_25
i2139,sc_m0,T,s9,LCB7,X191108S_LCB7_X_APNOV16plex_Set_25
i2140,sc_u,T,s9,LCB7,X191108S_LCB7_X_APNOV16plex_Set_25
i2141,sc_m0,T,s9,LCB7,X191108S_LCB7_X_APNOV16plex_Set_25
i2143,sc_m0,T,s9,LCB7,X191108S_LCB7_X_APNOV16plex_Set_25
i2144,sc_u,T,s9,LCB7,X191108S_LCB7_X_APNOV16plex_Set_25
i2149,sc_u,U,s9,LCB7,X191110S_LCB7_X_APNOV16plex2_Set_17
i2150,sc_m0,U,s9,LCB7,X191110S_LCB7_X_APNOV16plex2_Set_17
i2151,sc_m0,U,s9,LCB7,X191110S_LCB7_X_APNOV16plex2_Set_17
i2153,sc_m0,U,s9,LCB7,X191110S_LCB7_X_APNOV16plex2_Set_17
i2154,sc_m0,U,s9,LCB7,X191110S_LCB7_X_APNOV16plex2_Set_17
i2155,sc_m0,U,s9,LCB7,X191110S_LCB7_X_APNOV16plex2_Set_17
i2156,sc_u,U,s9,LCB7,X191110S_LCB7_X_APNOV16plex2_Set_17
i2157,sc_m0,U,s9,LCB7,X191110S_LCB7_X_APNOV16plex2_Set_17
i2158,sc_u,U,s9,LCB7,X191110S_LCB7_X_APNOV16plex2_Set_17
i2159,sc_m0,U,s9,LCB7,X191110S_LCB7_X_APNOV16plex2_Set_17
i2160,sc_m0,U,s9,LCB7,X191110S_LCB7_X_APNOV16plex2_Set_17
i2165,sc_m0,U,s9,LCB7,X191110S_LCB7_X_APNOV16plex2_Set_9
i2167,sc_m0,U,s9,LCB7,X191110S_LCB7_X_APNOV16plex2_Set_9
i2168,sc_u,U,s9,LCB7,X191110S_LCB7_X_APNOV16plex2_Set_9
i2169,sc_u,U,s9,LCB7,X191110S_LCB7_X_APNOV16plex2_Set_9
i2170,sc_m0,U,s9,LCB7,X191110S_LCB7_X_APNOV16plex2_Set_9
i2171,sc_m0,U,s9,LCB7,X191110S_LCB7_X_APNOV16plex2_Set_9
i2172,sc_m0,U,s9,LCB7,X191110S_LCB7_X_APNOV16plex2_Set_9
i2173,sc_m0,U,s9,LCB7,X191110S_LCB7_X_APNOV16plex2_Set_9
i2174,sc_m0,U,s9,LCB7,X191110S_LCB7_X_APNOV16plex2_Set_9
i2175,sc_u,U,s9,LCB7,X191110S_LCB7_X_APNOV16plex2_Set_9
i2176,sc_m0,U,s9,LCB7,X191110S_LCB7_X_APNOV16plex2_Set_9
i2181,sc_u,T,s9,LCB7,X191107S_LCB7_X_APNOV16plex_Set_16
i2182,sc_u,T,s9,LCB7,X191107S_LCB7_X_APNOV16plex_Set_16
i2183,sc_u,T,s9,LCB7,X191107S_LCB7_X_APNOV16plex_Set_16
i2184,sc_m0,T,s9,LCB7,X191107S_LCB7_X_APNOV16plex_Set_16
i2185,sc_m0,T,s9,LCB7,X191107S_LCB7_X_APNOV16plex_Set_16
i2186,sc_u,T,s9,LCB7,X191107S_LCB7_X_APNOV16plex_Set_16
i2187,sc_m0,T,s9,LCB7,X191107S_LCB7_X_APNOV16plex_Set_16
i2188,sc_u,T,s9,LCB7,X191107S_LCB7_X_APNOV16plex_Set_16
i2189,sc_m0,T,s9,LCB7,X191107S_LCB7_X_APNOV16plex_Set_16
i2190,sc_m0,T,s9,LCB7,X191107S_LCB7_X_APNOV16plex_Set_16
i2191,sc_m0,T,s9,LCB7,X191107S_LCB7_X_APNOV16plex_Set_16
i2192,sc_u,T,s9,LCB7,X191107S_LCB7_X_APNOV16plex_Set_16
i2197,sc_u,T,s9,LCB7,X191104S_LCB7_X_APNOV16plex_Set_2
i2199,sc_m0,T,s9,LCB7,X191104S_LCB7_X_APNOV16plex_Set_2
i2201,sc_m0,T,s9,LCB7,X191104S_LCB7_X_APNOV16plex_Set_2
i2202,sc_m0,T,s9,LCB7,X191104S_LCB7_X_APNOV16plex_Set_2
i2203,sc_m0,T,s9,LCB7,X191104S_LCB7_X_APNOV16plex_Set_2
i2204,sc_m0,T,s9,LCB7,X191104S_LCB7_X_APNOV16plex_Set_2
i2205,sc_u,T,s9,LCB7,X191104S_LCB7_X_APNOV16plex_Set_2
i2206,sc_m0,T,s9,LCB7,X191104S_LCB7_X_APNOV16plex_Set_2
i2207,sc_m0,T,s9,LCB7,X191104S_LCB7_X_APNOV16plex_Set_2
i2208,sc_m0,T,s9,LCB7,X191104S_LCB7_X_APNOV16plex_Set_2
i2212,sc_m0,Q,s8,LCA10,X190321S_LCA10_X_FP97AB
i2213,sc_m0,Q,s8,LCA10,X190321S_LCA10_X_FP97AB
i2214,sc_u,Q,s8,LCA10,X190321S_LCA10_X_FP97AB
i2216,sc_m0,Q,s8,LCA10,X190321S_LCA10_X_FP97AB
i2218,sc_m0,Q,s8,LCA10,X190321S_LCA10_X_FP97AB
i2228,sc_u,Q,s8,LCA10,X190321S_LCA10_X_FP97AP
i2230,sc_m0,Q,s8,LCA10,X190321S_LCA10_X_FP97AP
i2233,sc_m0,Q,s8,LCA10,X190321S_LCA10_X_FP97AP
i2234,sc_u,Q,s8,LCA10,X190321S_LCA10_X_FP97AP
i2244,sc_m0,N,s8,LCA9,X190222S_LCA9_X_FP94AH
i2245,sc_m0,N,s8,LCA9,X190222S_LCA9_X_FP94AH
i2246,sc_m0,N,s8,LCA9,X190222S_LCA9_X_FP94AH
i2247,sc_u,N,s8,LCA9,X190222S_LCA9_X_FP94AH
i2248,sc_m0,N,s8,LCA9,X190222S_LCA9_X_FP94AH
i2250,sc_m0,N,s8,LCA9,X190222S_LCA9_X_FP94AH
i2251,sc_u,N,s8,LCA9,X190222S_LCA9_X_FP94AH
i2260,sc_m0,Q,s8,LCA10,X190321S_LCA10_X_FP97AA
i2261,sc_m0,Q,s8,LCA10,X190321S_LCA10_X_FP97AA
i2262,sc_m0,Q,s8,LCA10,X190321S_LCA10_X_FP97AA
i2263,sc_m0,Q,s8,LCA10,X190321S_LCA10_X_FP97AA
i2265,sc_u,Q,s8,LCA10,X190321S_LCA10_X_FP97AA
i2276,sc_m0,Q,s8,LCA10,X190321S_LCA10_X_FP97AD
i2277,sc_u,Q,s8,LCA10,X190321S_LCA10_X_FP97AD
i2278,sc_m0,Q,s8,LCA10,X190321S_LCA10_X_FP97AD
i2280,sc_m0,Q,s8,LCA10,X190321S_LCA10_X_FP97AD
i2281,sc_m0,Q,s8,LCA10,X190321S_LCA10_X_FP97AD
i2282,sc_m0,Q,s8,LCA10,X190321S_LCA10_X_FP97AD
i2283,sc_m0,Q,s8,LCA10,X190321S_LCA10_X_FP97AD
i2292,sc_m0,Q,s8,LCA10,X190321S_LCA10_X_FP97AG
i2293,sc_u,Q,s8,LCA10,X190321S_LCA10_X_FP97AG
i2294,sc_m0,Q,s8,LCA10,X190321S_LCA10_X_FP97AG
i2296,sc_m0,Q,s8,LCA10,X190321S_LCA10_X_FP97AG
i2297,sc_m0,Q,s8,LCA10,X190321S_LCA10_X_FP97AG
i2298,sc_m0,Q,s8,LCA10,X190321S_LCA10_X_FP97AG
i2309,sc_m0,Q,s8,LCA10,X190321S_LCA10_X_FP97AI
i2310,sc_m0,Q,s8,LCA10,X190321S_LCA10_X_FP97AI
i2311,sc_u,Q,s8,LCA10,X190321S_LCA10_X_FP97AI
i2313,sc_m0,Q,s8,LCA10,X190321S_LCA10_X_FP97AI
i2314,sc_m0,Q,s8,LCA10,X190321S_LCA10_X_FP97AI
i2325,sc_m0,Q,s8,LCA10,X190321S_LCA10_X_FP97AJ
i2326,sc_u,Q,s8,LCA10,X190321S_LCA10_X_FP97AJ
i2327,sc_m0,Q,s8,LCA10,X190321S_LCA10_X_FP97AJ
i2330,sc_u,Q,s8,LCA10,X190321S_LCA10_X_FP97AJ
i2340,sc_m0,Q,s8,LCA10,X190321S_LCA10_X_FP97AK
i2341,sc_m0,Q,s8,LCA10,X190321S_LCA10_X_FP97AK
i2347,sc_m0,Q,s8,LCA10,X190321S_LCA10_X_FP97AK
i2356,sc_u,Q,s8,LCA10,X190321S_LCA10_X_FP97AN
i2357,sc_m0,Q,s8,LCA10,X190321S_LCA10_X_FP97AN
i2358,sc_m0,Q,s8,LCA10,X190321S_LCA10_X_FP97AN
i2360,sc_u,Q,s8,LCA10,X190321S_LCA10_X_FP97AN
i2363,sc_u,Q,s8,LCA10,X190321S_LCA10_X_FP97AN
i2389,sc_u,Q,s8,LCA10,X190321S_LCA10_X_FP97BC
i2390,sc_m0,Q,s8,LCA10,X190321S_LCA10_X_FP97BC
i2391,sc_m0,Q,s8,LCA10,X190321S_LCA10_X_FP97BC
i2394,sc_m0,Q,s8,LCA10,X190321S_LCA10_X_FP97BC
i2395,sc_m0,Q,s8,LCA10,X190321S_LCA10_X_FP97BC
i2405,sc_m0,Q,s8,LCA10,X190321S_LCA10_X_FP97BG
i2407,sc_m0,Q,s8,LCA10,X190321S_LCA10_X_FP97BG
i2408,sc_m0,Q,s8,LCA10,X190321S_LCA10_X_FP97BG
i2409,sc_m0,Q,s8,LCA10,X190321S_LCA10_X_FP97BG
i2423,sc_m0,Q,s8,LCA10,X190321S_LCA10_X_FP97BM
i2424,sc_m0,Q,s8,LCA10,X190321S_LCA10_X_FP97BM
i2427,sc_m0,Q,s8,LCA10,X190321S_LCA10_X_FP97BM
i2436,sc_m0,Q,s8,LCA10,X190321S_LCA10_X_FP97BP
i2437,sc_m0,Q,s8,LCA10,X190321S_LCA10_X_FP97BP
i2439,sc_m0,Q,s8,LCA10,X190321S_LCA10_X_FP97BP
i2442,sc_m0,Q,s8,LCA10,X190321S_LCA10_X_FP97BP
i2453,sc_m0,S,s9,LCB7,X191108S_LCB7_X_APOCT16plex_Set_29
i2454,sc_u,S,s9,LCB7,X191108S_LCB7_X_APOCT16plex_Set_29
i2455,sc_m0,S,s9,LCB7,X191108S_LCB7_X_APOCT16plex_Set_29
i2456,sc_m0,S,s9,LCB7,X191108S_LCB7_X_APOCT16plex_Set_29
i2458,sc_u,S,s9,LCB7,X191108S_LCB7_X_APOCT16plex_Set_29
i2459,sc_u,S,s9,LCB7,X191108S_LCB7_X_APOCT16plex_Set_29
i2460,sc_m0,S,s9,LCB7,X191108S_LCB7_X_APOCT16plex_Set_29
i2461,sc_m0,S,s9,LCB7,X191108S_LCB7_X_APOCT16plex_Set_29
i2462,sc_m0,S,s9,LCB7,X191108S_LCB7_X_APOCT16plex_Set_29
i2463,sc_m0,S,s9,LCB7,X191108S_LCB7_X_APOCT16plex_Set_29
i2464,sc_m0,S,s9,LCB7,X191108S_LCB7_X_APOCT16plex_Set_29
i2470,sc_m0,T,s9,LCB7,X191108S_LCB7_X_APNOV16plex_Set_28
i2471,sc_m0,T,s9,LCB7,X191108S_LCB7_X_APNOV16plex_Set_28
i2472,sc_m0,T,s9,LCB7,X191108S_LCB7_X_APNOV16plex_Set_28
i2473,sc_m0,T,s9,LCB7,X191108S_LCB7_X_APNOV16plex_Set_28
i2474,sc_m0,T,s9,LCB7,X191108S_LCB7_X_APNOV16plex_Set_28
i2475,sc_m0,T,s9,LCB7,X191108S_LCB7_X_APNOV16plex_Set_28
i2476,sc_m0,T,s9,LCB7,X191108S_LCB7_X_APNOV16plex_Set_28
i2477,sc_u,T,s9,LCB7,X191108S_LCB7_X_APNOV16plex_Set_28
i2478,sc_m0,T,s9,LCB7,X191108S_LCB7_X_APNOV16plex_Set_28
i2479,sc_m0,T,s9,LCB7,X191108S_LCB7_X_APNOV16plex_Set_28
i2480,sc_u,T,s9,LCB7,X191108S_LCB7_X_APNOV16plex_Set_28
i2484,sc_m0,N,s8,LCA9,X190222S_LCA9_X_FP94AA
i2485,sc_m0,N,s8,LCA9,X190222S_LCA9_X_FP94AA
i2486,sc_m0,N,s8,LCA9,X190222S_LCA9_X_FP94AA
i2487,sc_m0,N,s8,LCA9,X190222S_LCA9_X_FP94AA
i2500,sc_u,N,s8,LCA9,X190222S_LCA9_X_FP94AE
i2503,sc_m0,N,s8,LCA9,X190222S_LCA9_X_FP94AE
i2504,sc_m0,N,s8,LCA9,X190222S_LCA9_X_FP94AE
i2505,sc_m0,N,s8,LCA9,X190222S_LCA9_X_FP94AE
i2506,sc_u,N,s8,LCA9,X190222S_LCA9_X_FP94AE
i2516,sc_m0,N,s8,LCA9,X190222S_LCA9_X_FP94AM
i2519,sc_u,N,s8,LCA9,X190222S_LCA9_X_FP94AM
i2520,sc_m0,N,s8,LCA9,X190222S_LCA9_X_FP94AM
i2522,sc_m0,N,s8,LCA9,X190222S_LCA9_X_FP94AM
i2532,sc_u,Q,s8,LCA10,X190321S_LCA10_X_FP97BD
i2533,sc_m0,Q,s8,LCA10,X190321S_LCA10_X_FP97BD
i2534,sc_m0,Q,s8,LCA10,X190321S_LCA10_X_FP97BD
i2536,sc_m0,Q,s8,LCA10,X190321S_LCA10_X_FP97BD
i2538,sc_m0,Q,s8,LCA10,X190321S_LCA10_X_FP97BD
i2549,sc_m0,N,s8,LCA9,X190222S_LCA9_X_FP94AP
i2550,sc_m0,N,s8,LCA9,X190222S_LCA9_X_FP94AP
i2551,sc_u,N,s8,LCA9,X190222S_LCA9_X_FP94AP
i2552,sc_m0,N,s8,LCA9,X190222S_LCA9_X_FP94AP
i2553,sc_m0,N,s8,LCA9,X190222S_LCA9_X_FP94AP
i2555,sc_m0,N,s8,LCA9,X190222S_LCA9_X_FP94AP
i2564,sc_m0,N,s8,LCA9,X190222S_LCA9_X_FP94AB
i2565,sc_m0,N,s8,LCA9,X190222S_LCA9_X_FP94AB
i2566,sc_u,N,s8,LCA9,X190222S_LCA9_X_FP94AB
i2567,sc_u,N,s8,LCA9,X190222S_LCA9_X_FP94AB
i2570,sc_m0,N,s8,LCA9,X190222S_LCA9_X_FP94AB
i2580,sc_u,N,s8,LCA9,X190222S_LCA9_X_FP94AC
i2581,sc_m0,N,s8,LCA9,X190222S_LCA9_X_FP94AC
i2582,sc_m0,N,s8,LCA9,X190222S_LCA9_X_FP94AC
i2584,sc_m0,N,s8,LCA9,X190222S_LCA9_X_FP94AC
i2585,sc_m0,N,s8,LCA9,X190222S_LCA9_X_FP94AC
i2586,sc_m0,N,s8,LCA9,X190222S_LCA9_X_FP94AC
i2596,sc_m0,N,s8,LCA9,X190222S_LCA9_X_FP94AJ
i2597,sc_m0,N,s8,LCA9,X190222S_LCA9_X_FP94AJ
i2613,sc_u,S,s9,LCB7,X191026S_LCB7_X_AP16plex_Set_16
i2615,sc_u,S,s9,LCB7,X191026S_LCB7_X_AP16plex_Set_16
i2616,sc_m0,S,s9,LCB7,X191026S_LCB7_X_AP16plex_Set_16
i2617,sc_m0,S,s9,LCB7,X191026S_LCB7_X_AP16plex_Set_16
i2618,sc_u,S,s9,LCB7,X191026S_LCB7_X_AP16plex_Set_16
i2619,sc_m0,S,s9,LCB7,X191026S_LCB7_X_AP16plex_Set_16
i2620,sc_u,S,s9,LCB7,X191026S_LCB7_X_AP16plex_Set_16
i2621,sc_m0,S,s9,LCB7,X191026S_LCB7_X_AP16plex_Set_16
i2622,sc_m0,S,s9,LCB7,X191026S_LCB7_X_AP16plex_Set_16
i2623,sc_m0,S,s9,LCB7,X191026S_LCB7_X_AP16plex_Set_16
i2624,sc_u,S,s9,LCB7,X191026S_LCB7_X_AP16plex_Set_16
i2629,sc_u,S,s9,LCB7,X191025S_LCB7_X_AP16plex_Set_2
i2630,sc_m0,S,s9,LCB7,X191025S_LCB7_X_AP16plex_Set_2
i2633,sc_m0,S,s9,LCB7,X191025S_LCB7_X_AP16plex_Set_2
i2634,sc_m0,S,s9,LCB7,X191025S_LCB7_X_AP16plex_Set_2
i2635,sc_m0,S,s9,LCB7,X191025S_LCB7_X_AP16plex_Set_2
i2636,sc_m0,S,s9,LCB7,X191025S_LCB7_X_AP16plex_Set_2
i2638,sc_m0,S,s9,LCB7,X191025S_LCB7_X_AP16plex_Set_2
i2645,sc_u,S,s9,LCB7,X191026S_LCB7_X_AP16plex_Set_11
i2646,sc_m0,S,s9,LCB7,X191026S_LCB7_X_AP16plex_Set_11
i2647,sc_u,S,s9,LCB7,X191026S_LCB7_X_AP16plex_Set_11
i2649,sc_u,S,s9,LCB7,X191026S_LCB7_X_AP16plex_Set_11
i2650,sc_m0,S,s9,LCB7,X191026S_LCB7_X_AP16plex_Set_11
i2651,sc_m0,S,s9,LCB7,X191026S_LCB7_X_AP16plex_Set_11
i2652,sc_m0,S,s9,LCB7,X191026S_LCB7_X_AP16plex_Set_11
i2653,sc_m0,S,s9,LCB7,X191026S_LCB7_X_AP16plex_Set_11
i2654,sc_m0,S,s9,LCB7,X191026S_LCB7_X_AP16plex_Set_11
i2655,sc_m0,S,s9,LCB7,X191026S_LCB7_X_AP16plex_Set_11
i2663,sc_m0,N,s8,LCA9,X190222S_LCA9_X_FP94AK
i2664,sc_m0,N,s8,LCA9,X190222S_LCA9_X_FP94AK
i2665,sc_u,N,s8,LCA9,X190222S_LCA9_X_FP94AK
i2666,sc_m0,N,s8,LCA9,X190222S_LCA9_X_FP94AK
i2676,sc_u,N,s8,LCA9,X190222S_LCA9_X_FP94BJ
i2677,sc_m0,N,s8,LCA9,X190222S_LCA9_X_FP94BJ
i2678,sc_m0,N,s8,LCA9,X190222S_LCA9_X_FP94BJ
i2680,sc_m0,N,s8,LCA9,X190222S_LCA9_X_FP94BJ
i2681,sc_m0,N,s8,LCA9,X190222S_LCA9_X_FP94BJ
i2683,sc_m0,N,s8,LCA9,X190222S_LCA9_X_FP94BJ
i2693,sc_m0,N,s8,LCA9,X190222S_LCA9_X_FP94AN
i2694,sc_m0,N,s8,LCA9,X190222S_LCA9_X_FP94AN
i2695,sc_u,N,s8,LCA9,X190222S_LCA9_X_FP94AN
i2696,sc_u,N,s8,LCA9,X190222S_LCA9_X_FP94AN
i2698,sc_m0,N,s8,LCA9,X190222S_LCA9_X_FP94AN
i2708,sc_m0,N,s8,LCA9,X190222S_LCA9_X_FP94AL
i2709,sc_m0,N,s8,LCA9,X190222S_LCA9_X_FP94AL
i2710,sc_m0,N,s8,LCA9,X190222S_LCA9_X_FP94AL
i2711,sc_m0,N,s8,LCA9,X190222S_LCA9_X_FP94AL
i2712,sc_m0,N,s8,LCA9,X190222S_LCA9_X_FP94AL
i2714,sc_m0,N,s8,LCA9,X190222S_LCA9_X_FP94AL
i2715,sc_m0,N,s8,LCA9,X190222S_LCA9_X_FP94AL
i2725,sc_m0,N,s8,LCA9,X190222S_LCA9_X_FP94AO
i2726,sc_m0,N,s8,LCA9,X190222S_LCA9_X_FP94AO
i2727,sc_u,N,s8,LCA9,X190222S_LCA9_X_FP94AO
i2728,sc_u,N,s8,LCA9,X190222S_LCA9_X_FP94AO
i2729,sc_m0,N,s8,LCA9,X190222S_LCA9_X_FP94AO
i2730,sc_m0,N,s8,LCA9,X190222S_LCA9_X_FP94AO
i2731,sc_m0,N,s8,LCA9,X190222S_LCA9_X_FP94AO
i2742,sc_u,R,s9,LCB3,X190914S_LCB3_X_16plex_Set_16
i2743,sc_m0,R,s9,LCB3,X190914S_LCB3_X_16plex_Set_16
i2744,sc_m0,R,s9,LCB3,X190914S_LCB3_X_16plex_Set_16
i2745,sc_m0,R,s9,LCB3,X190914S_LCB3_X_16plex_Set_16
i2746,sc_m0,R,s9,LCB3,X190914S_LCB3_X_16plex_Set_16
i2747,sc_m0,R,s9,LCB3,X190914S_LCB3_X_16plex_Set_16
i2748,sc_m0,R,s9,LCB3,X190914S_LCB3_X_16plex_Set_16
i2749,sc_u,R,s9,LCB3,X190914S_LCB3_X_16plex_Set_16
i2750,sc_u,R,s9,LCB3,X190914S_LCB3_X_16plex_Set_16
i2751,sc_m0,R,s9,LCB3,X190914S_LCB3_X_16plex_Set_16
i2757,sc_m0,R,s9,LCB3,X190914S_LCB3_X_16plex_Set_2
i2758,sc_m0,R,s9,LCB3,X190914S_LCB3_X_16plex_Set_2
i2759,sc_m0,R,s9,LCB3,X190914S_LCB3_X_16plex_Set_2
i2760,sc_m0,R,s9,LCB3,X190914S_LCB3_X_16plex_Set_2
i2761,sc_m0,R,s9,LCB3,X190914S_LCB3_X_16plex_Set_2
i2762,sc_m0,R,s9,LCB3,X190914S_LCB3_X_16plex_Set_2
i2763,sc_u,R,s9,LCB3,X190914S_LCB3_X_16plex_Set_2
i2764,sc_m0,R,s9,LCB3,X190914S_LCB3_X_16plex_Set_2
i2765,sc_m0,R,s9,LCB3,X190914S_LCB3_X_16plex_Set_2
i2766,sc_u,R,s9,LCB3,X190914S_LCB3_X_16plex_Set_2
i2767,sc_m0,R,s9,LCB3,X190914S_LCB3_X_16plex_Set_2
